ncounts,nstrata,ymin,ymax,nknots,stratify_by,nonzeroweight,nobservers,X.basis,count,strat_name,strat,obser,year,firstyr,month,day,r_year,route
831,12,1,26,6,latlong,0.75,23,1.12985254,3,50-114,8,1,26,1,6,7,1993,4-109
NA,NA,NA,NA,NA,NA,1,14,0.934558708,1,50-114,8,2,22,1,6,4,1989,4-109
NA,NA,NA,NA,NA,NA,0.625,14,0.762890855,0,50-114,8,2,23,0,6,3,1990,4-109
NA,NA,NA,NA,NA,NA,1,18,0.613352067,15,52-110,11,1,13,1,6,28,1980,11-Apr
NA,NA,NA,NA,NA,NA,0.833333333,23,0.484453097,9,52-110,11,2,5,1,6,3,1972,11-Apr
NA,NA,NA,NA,NA,NA,0.5,9,0.374958082,21,52-110,11,2,6,0,6,9,1973,11-Apr
NA,NA,NA,NA,NA,NA,0.714285714,13,0.283936522,23,52-110,11,3,7,1,6,23,1974,11-Apr
NA,NA,NA,NA,NA,NA,0.571428571,9,0.210476096,29,52-110,11,3,8,0,6,30,1975,11-Apr
NA,NA,NA,NA,NA,NA,0.857142857,9,0.153449632,17,52-110,11,3,9,0,6,29,1976,11-Apr
NA,NA,NA,NA,NA,NA,1,9,0.110404032,10,52-110,11,3,10,0,6,25,1977,11-Apr
NA,NA,NA,NA,NA,NA,0.75,9,0.078380892,5,52-110,11,3,11,0,6,24,1978,11-Apr
NA,NA,NA,NA,NA,NA,0.857142857,12,0.054428051,10,52-110,11,3,12,0,7,1,1979,11-Apr
NA,NA,NA,NA,NA,NA,NA,NA,0.036223765,13,52-110,11,3,14,0,6,28,1981,11-Apr
NA,NA,NA,NA,NA,NA,NA,NA,0.02255698,4,52-110,11,4,25,1,6,23,1992,11-Apr
NA,NA,NA,NA,NA,NA,NA,NA,0.012329702,12,52-110,11,4,26,0,6,15,1993,11-Apr
NA,NA,NA,NA,NA,NA,NA,NA,0.004500655,8,50-114,8,3,13,1,7,5,1980,4-110
NA,NA,NA,NA,NA,NA,NA,NA,-0.001414221,1,50-114,8,4,22,1,6,25,1989,4-110
NA,NA,NA,NA,NA,NA,NA,NA,-0.005582718,2,50-114,8,4,23,0,6,24,1990,4-110
NA,NA,NA,NA,NA,NA,NA,NA,-0.008168167,0,50-114,8,4,24,0,6,17,1991,4-110
NA,NA,NA,NA,NA,NA,NA,NA,-0.008912388,0,50-114,8,4,25,0,6,19,1992,4-110
NA,NA,NA,NA,NA,NA,NA,NA,-0.006451148,0,50-114,8,4,26,0,6,19,1993,4-110
NA,NA,NA,NA,NA,NA,NA,NA,0.000759012,31,52-112,12,1,26,1,6,22,1993,4-112
NA,NA,NA,NA,NA,NA,NA,NA,0.014260105,9,52-112,12,2,24,1,6,18,1991,4-113
NA,NA,NA,NA,NA,NA,NA,NA,0.03556983,11,52-112,12,2,25,0,6,17,1992,4-113
NA,NA,NA,NA,NA,NA,NA,NA,0.066185713,4,52-112,12,2,26,0,6,11,1993,4-113
NA,NA,NA,NA,NA,NA,NA,NA,0.10760467,6,52-112,12,3,13,1,6,29,1980,12-Apr
NA,NA,NA,NA,NA,NA,NA,NA,0.070206772,31,52-112,12,4,6,1,6,10,1973,12-Apr
NA,NA,NA,NA,NA,NA,NA,NA,0.1214964,41,52-112,12,5,8,1,7,1,1975,12-Apr
NA,NA,NA,NA,NA,NA,NA,NA,0.160926778,21,52-112,12,5,9,0,6,30,1976,12-Apr
NA,NA,NA,NA,NA,NA,NA,NA,0.189509793,18,52-112,12,5,10,0,6,26,1977,12-Apr
NA,NA,NA,NA,NA,NA,NA,NA,0.208230478,25,52-112,12,5,11,0,6,25,1978,12-Apr
NA,NA,NA,NA,NA,NA,NA,NA,0.217186596,12,52-112,12,5,12,0,7,2,1979,12-Apr
NA,NA,NA,NA,NA,NA,NA,NA,0.215406619,5,52-112,12,5,14,0,6,29,1981,12-Apr
NA,NA,NA,NA,NA,NA,NA,NA,0.201855357,4,52-112,12,5,15,0,6,22,1982,12-Apr
NA,NA,NA,NA,NA,NA,NA,NA,0.176225781,0,52-112,12,6,3,1,6,24,1970,13-Apr
NA,NA,NA,NA,NA,NA,NA,NA,0.142704546,0,52-112,12,6,4,0,7,6,1971,13-Apr
NA,NA,NA,NA,NA,NA,NA,NA,0.107190833,0,52-112,12,6,6,0,6,28,1973,13-Apr
NA,NA,NA,NA,NA,NA,NA,NA,0.075559726,0,52-112,12,6,7,0,6,16,1974,13-Apr
NA,NA,NA,NA,NA,NA,NA,NA,0.051293298,0,52-112,12,6,8,0,7,1,1975,13-Apr
NA,NA,NA,NA,NA,NA,NA,NA,0.033657531,0,52-112,12,6,9,0,6,21,1976,13-Apr
NA,NA,NA,NA,NA,NA,NA,NA,0.021489241,0,52-112,12,6,10,0,7,1,1977,13-Apr
NA,NA,NA,NA,NA,NA,NA,NA,0.01364366,1,52-112,12,6,11,0,6,26,1978,13-Apr
NA,NA,NA,NA,NA,NA,NA,NA,0.009156896,0,52-112,12,6,12,0,6,30,1979,13-Apr
NA,NA,NA,NA,NA,NA,NA,NA,0.007167721,0,52-112,12,6,13,0,6,23,1980,13-Apr
NA,NA,NA,NA,NA,NA,NA,NA,0.006815186,1,52-112,12,6,14,0,6,22,1981,13-Apr
NA,NA,NA,NA,NA,NA,NA,NA,0.006779346,0,52-112,12,6,15,0,7,1,1982,13-Apr
NA,NA,NA,NA,NA,NA,NA,NA,0.004535855,0,52-112,12,6,16,0,7,5,1983,13-Apr
NA,NA,NA,NA,NA,NA,NA,NA,-0.002634796,0,52-112,12,6,17,0,6,25,1984,13-Apr
NA,NA,NA,NA,NA,NA,NA,NA,-0.017399011,0,52-112,12,6,18,0,6,23,1985,13-Apr
NA,NA,NA,NA,NA,NA,NA,NA,-0.041531217,4,52-112,12,6,19,0,7,1,1986,13-Apr
NA,NA,NA,NA,NA,NA,NA,NA,-0.076065705,1,52-112,12,6,20,0,6,14,1987,13-Apr
NA,NA,NA,NA,NA,NA,NA,NA,-0.122014361,0,52-112,12,6,21,0,7,3,1988,13-Apr
NA,NA,NA,NA,NA,NA,NA,NA,0.000674635,0,52-112,12,6,22,0,7,1,1989,13-Apr
NA,NA,NA,NA,NA,NA,NA,NA,0.023713489,1,52-112,12,6,23,0,6,24,1990,13-Apr
NA,NA,NA,NA,NA,NA,NA,NA,0.041661811,0,52-112,12,6,24,0,6,24,1991,13-Apr
NA,NA,NA,NA,NA,NA,NA,NA,0.054949903,0,52-112,12,6,25,0,6,28,1992,13-Apr
NA,NA,NA,NA,NA,NA,NA,NA,0.064032492,0,52-112,12,6,26,0,6,26,1993,13-Apr
NA,NA,NA,NA,NA,NA,NA,NA,0.070171091,0,52-110,11,5,12,1,6,17,1979,18-Apr
NA,NA,NA,NA,NA,NA,NA,NA,0.075599521,5,52-110,11,5,13,0,6,15,1980,18-Apr
NA,NA,NA,NA,NA,NA,NA,NA,0.082609489,7,52-110,11,5,21,0,6,26,1988,18-Apr
NA,NA,NA,NA,NA,NA,NA,NA,0.092751108,2,52-110,11,5,22,0,6,25,1989,18-Apr
NA,NA,NA,NA,NA,NA,NA,NA,0.102997903,2,52-110,11,5,23,0,6,16,1990,18-Apr
NA,NA,NA,NA,NA,NA,NA,NA,0.108579281,2,52-110,11,5,24,0,6,8,1991,18-Apr
NA,NA,NA,NA,NA,NA,NA,NA,0.104761516,7,52-110,11,5,25,0,6,20,1992,18-Apr
NA,NA,NA,NA,NA,NA,NA,NA,0.090322061,0,52-110,11,5,26,0,6,19,1993,18-Apr
NA,NA,NA,NA,NA,NA,NA,NA,0.070224487,18,52-110,11,6,5,1,6,4,1972,18-Apr
NA,NA,NA,NA,NA,NA,NA,NA,0.050062061,9,52-110,11,6,6,0,6,24,1973,18-Apr
NA,NA,NA,NA,NA,NA,NA,NA,0.034987054,1,52-110,11,6,7,0,6,2,1974,18-Apr
NA,NA,NA,NA,NA,NA,NA,NA,0.025819405,6,52-110,11,6,8,0,6,8,1975,18-Apr
NA,NA,NA,NA,NA,NA,NA,NA,0.020920067,7,52-110,11,6,9,0,6,29,1976,18-Apr
NA,NA,NA,NA,NA,NA,NA,NA,0.018621915,7,52-110,11,6,10,0,6,12,1977,18-Apr
NA,NA,NA,NA,NA,NA,NA,NA,0.017332651,18,52-110,11,7,14,1,7,3,1981,18-Apr
NA,NA,NA,NA,NA,NA,NA,NA,0.015656322,11,52-110,11,7,15,0,6,18,1982,18-Apr
NA,NA,NA,NA,NA,NA,NA,NA,0.012228789,0,52-110,11,8,2,1,6,3,1969,18-Apr
NA,NA,NA,NA,NA,NA,NA,NA,0.005714957,12,52-112,12,7,5,1,6,17,1972,19-Apr
NA,NA,NA,NA,NA,NA,NA,NA,-0.004732483,12,52-112,12,7,6,0,6,2,1973,19-Apr
NA,NA,NA,NA,NA,NA,NA,NA,-0.019556086,0,52-112,12,8,8,1,6,1,1975,19-Apr
NA,NA,NA,NA,NA,NA,NA,NA,-0.039186158,12,52-112,12,8,14,0,6,26,1981,19-Apr
NA,NA,NA,NA,NA,NA,NA,NA,-0.039186158,11,52-112,12,8,15,0,6,17,1982,19-Apr
NA,NA,NA,NA,NA,NA,NA,NA,-0.019556086,1,52-112,12,9,25,1,6,12,1992,19-Apr
NA,NA,NA,NA,NA,NA,NA,NA,-0.004732483,0,52-112,12,9,26,0,6,14,1993,19-Apr
NA,NA,NA,NA,NA,NA,NA,NA,0.005714957,0,50-112,7,1,16,1,6,20,1983,2-Apr
NA,NA,NA,NA,NA,NA,NA,NA,0.012228789,0,50-112,7,1,18,0,6,14,1985,2-Apr
NA,NA,NA,NA,NA,NA,NA,NA,0.015656322,0,50-112,7,1,19,0,6,14,1986,2-Apr
NA,NA,NA,NA,NA,NA,NA,NA,0.017332651,2,50-112,7,1,22,0,7,3,1989,2-Apr
NA,NA,NA,NA,NA,NA,NA,NA,0.018621915,0,50-112,7,1,23,0,6,23,1990,2-Apr
NA,NA,NA,NA,NA,NA,NA,NA,0.020920067,1,50-112,7,1,24,0,6,22,1991,2-Apr
NA,NA,NA,NA,NA,NA,NA,NA,0.025819405,1,50-112,7,1,26,0,6,19,1993,2-Apr
NA,NA,NA,NA,NA,NA,NA,NA,0.034987054,12,50-112,7,2,3,1,6,7,1970,2-Apr
NA,NA,NA,NA,NA,NA,NA,NA,0.050062061,0,50-112,7,2,4,0,6,5,1971,2-Apr
NA,NA,NA,NA,NA,NA,NA,NA,0.070224487,2,50-112,7,3,5,1,6,17,1972,2-Apr
NA,NA,NA,NA,NA,NA,NA,NA,0.090322061,2,50-112,7,3,6,0,6,23,1973,2-Apr
NA,NA,NA,NA,NA,NA,NA,NA,0.104761516,0,50-112,7,3,7,0,6,22,1974,2-Apr
NA,NA,NA,NA,NA,NA,NA,NA,0.108579281,0,50-112,7,3,8,0,7,3,1975,2-Apr
NA,NA,NA,NA,NA,NA,NA,NA,0.102997903,0,50-112,7,3,11,0,6,21,1978,2-Apr
NA,NA,NA,NA,NA,NA,NA,NA,0.092751108,0,50-112,7,3,12,0,6,12,1979,2-Apr
NA,NA,NA,NA,NA,NA,NA,NA,0.082609489,24,52-112,12,10,4,1,6,13,1971,20-Apr
NA,NA,NA,NA,NA,NA,NA,NA,0.075599521,40,52-112,12,10,5,0,6,27,1972,20-Apr
NA,NA,NA,NA,NA,NA,NA,NA,0.070171091,33,52-112,12,10,6,0,6,23,1973,20-Apr
NA,NA,NA,NA,NA,NA,NA,NA,0.064032492,5,52-112,12,10,7,0,6,8,1974,20-Apr
NA,NA,NA,NA,NA,NA,NA,NA,0.054949903,8,52-112,12,10,8,0,6,1,1975,20-Apr
NA,NA,NA,NA,NA,NA,NA,NA,0.041661811,23,52-112,12,10,9,0,6,12,1976,20-Apr
NA,NA,NA,NA,NA,NA,NA,NA,0.023713489,16,52-112,12,10,10,0,6,11,1977,20-Apr
NA,NA,NA,NA,NA,NA,NA,NA,0.000674635,25,52-112,12,10,11,0,7,3,1978,20-Apr
NA,NA,NA,NA,NA,NA,NA,NA,-0.122014361,4,52-112,12,10,12,0,6,9,1979,20-Apr
NA,NA,NA,NA,NA,NA,NA,NA,-0.076065705,16,52-112,12,10,13,0,6,1,1980,20-Apr
NA,NA,NA,NA,NA,NA,NA,NA,-0.041531217,16,52-112,12,10,14,0,6,8,1981,20-Apr
NA,NA,NA,NA,NA,NA,NA,NA,-0.017399011,14,52-112,12,10,15,0,6,20,1982,20-Apr
NA,NA,NA,NA,NA,NA,NA,NA,-0.002634796,3,52-112,12,10,16,0,6,4,1983,20-Apr
NA,NA,NA,NA,NA,NA,NA,NA,0.004535855,4,52-112,12,10,17,0,6,3,1984,20-Apr
NA,NA,NA,NA,NA,NA,NA,NA,0.006779346,11,52-112,12,10,18,0,6,2,1985,20-Apr
NA,NA,NA,NA,NA,NA,NA,NA,0.006815186,16,52-112,12,10,19,0,6,7,1986,20-Apr
NA,NA,NA,NA,NA,NA,NA,NA,0.007167721,9,52-112,12,10,20,0,6,7,1987,20-Apr
NA,NA,NA,NA,NA,NA,NA,NA,0.009156896,39,52-112,12,10,21,0,7,2,1988,20-Apr
NA,NA,NA,NA,NA,NA,NA,NA,0.01364366,9,52-112,12,10,22,0,6,18,1989,20-Apr
NA,NA,NA,NA,NA,NA,NA,NA,0.021489241,9,52-112,12,11,26,1,6,20,1993,20-Apr
NA,NA,NA,NA,NA,NA,NA,NA,0.033657531,4,52-112,12,12,23,1,6,24,1990,20-Apr
NA,NA,NA,NA,NA,NA,NA,NA,0.051293298,7,52-112,12,12,24,0,6,16,1991,20-Apr
NA,NA,NA,NA,NA,NA,NA,NA,0.075559726,2,52-112,12,12,25,0,6,27,1992,20-Apr
NA,NA,NA,NA,NA,NA,NA,NA,0.107190833,0,50-112,7,4,25,1,6,19,1992,4-203
NA,NA,NA,NA,NA,NA,NA,NA,0.142704546,2,50-112,7,4,26,0,6,18,1993,4-203
NA,NA,NA,NA,NA,NA,NA,NA,0.176225781,3,50-112,7,5,11,1,6,21,1978,3-Apr
NA,NA,NA,NA,NA,NA,NA,NA,0.201855357,3,50-112,7,6,12,1,6,22,1979,3-Apr
NA,NA,NA,NA,NA,NA,NA,NA,0.215406619,16,50-112,7,6,13,0,6,24,1980,3-Apr
NA,NA,NA,NA,NA,NA,NA,NA,0.217186596,0,50-112,7,6,16,0,6,26,1983,3-Apr
NA,NA,NA,NA,NA,NA,NA,NA,0.208230478,0,50-112,7,6,17,0,6,25,1984,3-Apr
NA,NA,NA,NA,NA,NA,NA,NA,0.189509793,0,50-112,7,6,18,0,6,24,1985,3-Apr
NA,NA,NA,NA,NA,NA,NA,NA,0.160926778,0,50-112,7,6,19,0,6,23,1986,3-Apr
NA,NA,NA,NA,NA,NA,NA,NA,0.1214964,3,50-112,7,6,20,0,6,27,1987,3-Apr
NA,NA,NA,NA,NA,NA,NA,NA,0.070206772,0,50-112,7,6,21,0,6,23,1988,3-Apr
NA,NA,NA,NA,NA,NA,NA,NA,0.10760467,1,50-112,7,6,22,0,6,21,1989,3-Apr
NA,NA,NA,NA,NA,NA,NA,NA,0.066185713,4,50-112,7,6,23,0,7,2,1990,3-Apr
NA,NA,NA,NA,NA,NA,NA,NA,0.03556983,7,50-112,7,6,24,0,7,3,1991,3-Apr
NA,NA,NA,NA,NA,NA,NA,NA,0.014260105,2,50-112,7,6,25,0,7,3,1992,3-Apr
NA,NA,NA,NA,NA,NA,NA,NA,0.000759012,9,50-112,7,7,3,1,6,6,1970,3-Apr
NA,NA,NA,NA,NA,NA,NA,NA,-0.006451148,0,50-112,7,7,4,0,6,14,1971,3-Apr
NA,NA,NA,NA,NA,NA,NA,NA,-0.008912388,0,50-112,7,8,6,1,7,1,1973,3-Apr
NA,NA,NA,NA,NA,NA,NA,NA,-0.008168167,0,50-112,7,8,7,0,6,21,1974,3-Apr
NA,NA,NA,NA,NA,NA,NA,NA,-0.005582718,0,50-112,7,8,8,0,6,27,1975,3-Apr
NA,NA,NA,NA,NA,NA,NA,NA,-0.001414221,0,50-112,7,8,9,0,6,28,1976,3-Apr
NA,NA,NA,NA,NA,NA,NA,NA,0.004500655,3,50-114,8,5,24,1,6,9,1991,4-Apr
NA,NA,NA,NA,NA,NA,NA,NA,0.012329702,3,50-114,8,5,25,0,7,1,1992,4-Apr
NA,NA,NA,NA,NA,NA,NA,NA,0.02255698,3,50-114,8,5,26,0,6,5,1993,4-Apr
NA,NA,NA,NA,NA,NA,NA,NA,0.036223765,8,50-114,8,6,12,1,6,23,1979,4-Apr
NA,NA,NA,NA,NA,NA,NA,NA,0.054428051,0,50-114,8,6,13,0,6,7,1980,4-Apr
NA,NA,NA,NA,NA,NA,NA,NA,0.078380892,5,50-114,8,7,9,1,6,18,1976,4-Apr
NA,NA,NA,NA,NA,NA,NA,NA,0.110404032,0,50-114,8,8,5,1,6,15,1972,4-Apr
NA,NA,NA,NA,NA,NA,NA,NA,0.153449632,0,50-114,8,8,6,0,6,22,1973,4-Apr
NA,NA,NA,NA,NA,NA,NA,NA,0.210476096,0,50-114,8,8,7,0,7,1,1974,4-Apr
NA,NA,NA,NA,NA,NA,NA,NA,0.283936522,0,50-112,7,9,2,1,5,31,1969,7-Apr
NA,NA,NA,NA,NA,NA,NA,NA,0.374958082,2,50-112,7,9,5,0,6,3,1972,7-Apr
NA,NA,NA,NA,NA,NA,NA,NA,0.484453097,0,50-112,7,9,6,0,6,3,1973,7-Apr
NA,NA,NA,NA,NA,NA,NA,NA,0.613352067,1,50-112,7,9,7,0,6,1,1974,7-Apr
NA,NA,NA,NA,NA,NA,NA,NA,0.762890855,5,50-112,7,9,10,0,6,5,1977,7-Apr
NA,NA,NA,NA,NA,NA,NA,NA,0.934558708,8,50-112,7,9,11,0,6,11,1978,7-Apr
NA,NA,NA,NA,NA,NA,NA,NA,1.12985254,5,50-112,7,9,12,0,6,3,1979,7-Apr
NA,NA,NA,NA,NA,NA,NA,NA,NA,11,50-112,7,9,13,0,6,8,1980,7-Apr
NA,NA,NA,NA,NA,NA,NA,NA,NA,8,50-112,7,9,14,0,6,7,1981,7-Apr
NA,NA,NA,NA,NA,NA,NA,NA,NA,5,50-112,7,9,15,0,6,6,1982,7-Apr
NA,NA,NA,NA,NA,NA,NA,NA,NA,0,50-112,7,9,16,0,6,5,1983,7-Apr
NA,NA,NA,NA,NA,NA,NA,NA,NA,0,50-112,7,9,17,0,6,3,1984,7-Apr
NA,NA,NA,NA,NA,NA,NA,NA,NA,4,50-112,7,9,18,0,6,9,1985,7-Apr
NA,NA,NA,NA,NA,NA,NA,NA,NA,3,50-112,7,9,19,0,6,8,1986,7-Apr
NA,NA,NA,NA,NA,NA,NA,NA,NA,1,50-112,7,9,20,0,6,7,1987,7-Apr
NA,NA,NA,NA,NA,NA,NA,NA,NA,1,50-112,7,9,21,0,6,5,1988,7-Apr
NA,NA,NA,NA,NA,NA,NA,NA,NA,1,50-112,7,9,22,0,6,1,1989,7-Apr
NA,NA,NA,NA,NA,NA,NA,NA,NA,1,50-112,7,9,23,0,6,24,1990,7-Apr
NA,NA,NA,NA,NA,NA,NA,NA,NA,5,50-112,7,9,24,0,6,3,1991,7-Apr
NA,NA,NA,NA,NA,NA,NA,NA,NA,3,50-112,7,9,25,0,6,2,1992,7-Apr
NA,NA,NA,NA,NA,NA,NA,NA,NA,8,50-112,7,9,26,0,6,6,1993,7-Apr
NA,NA,NA,NA,NA,NA,NA,NA,NA,0,50-112,7,10,5,1,6,30,1972,8-Apr
NA,NA,NA,NA,NA,NA,NA,NA,NA,0,50-112,7,11,11,1,6,15,1978,8-Apr
NA,NA,NA,NA,NA,NA,NA,NA,NA,0,50-112,7,11,12,0,6,11,1979,8-Apr
NA,NA,NA,NA,NA,NA,NA,NA,NA,1,50-112,7,11,13,0,6,26,1980,8-Apr
NA,NA,NA,NA,NA,NA,NA,NA,NA,1,50-112,7,11,14,0,6,24,1981,8-Apr
NA,NA,NA,NA,NA,NA,NA,NA,NA,0,50-112,7,11,15,0,6,3,1982,8-Apr
NA,NA,NA,NA,NA,NA,NA,NA,NA,15,50-112,7,12,4,1,6,23,1971,8-Apr
NA,NA,NA,NA,NA,NA,NA,NA,NA,0,50-112,7,13,6,1,6,22,1973,8-Apr
NA,NA,NA,NA,NA,NA,NA,NA,NA,5,50-112,7,13,7,0,6,19,1974,8-Apr
NA,NA,NA,NA,NA,NA,NA,NA,NA,4,50-112,7,13,8,0,6,6,1975,8-Apr
NA,NA,NA,NA,NA,NA,NA,NA,NA,4,50-112,7,13,9,0,6,15,1976,8-Apr
NA,NA,NA,NA,NA,NA,NA,NA,NA,1,50-114,8,9,4,1,6,20,1971,9-Apr
NA,NA,NA,NA,NA,NA,NA,NA,NA,0,50-114,8,9,5,0,6,3,1972,9-Apr
NA,NA,NA,NA,NA,NA,NA,NA,NA,0,50-114,8,9,6,0,6,9,1973,9-Apr
NA,NA,NA,NA,NA,NA,NA,NA,NA,0,50-114,8,9,7,0,6,8,1974,9-Apr
NA,NA,NA,NA,NA,NA,NA,NA,NA,0,50-114,8,9,8,0,6,7,1975,9-Apr
NA,NA,NA,NA,NA,NA,NA,NA,NA,4,50-114,8,9,9,0,6,12,1976,9-Apr
NA,NA,NA,NA,NA,NA,NA,NA,NA,0,50-114,8,9,10,0,6,11,1977,9-Apr
NA,NA,NA,NA,NA,NA,NA,NA,NA,1,50-114,8,9,11,0,6,3,1978,9-Apr
NA,NA,NA,NA,NA,NA,NA,NA,NA,0,50-114,8,9,12,0,6,9,1979,9-Apr
NA,NA,NA,NA,NA,NA,NA,NA,NA,4,50-114,8,9,13,0,6,7,1980,9-Apr
NA,NA,NA,NA,NA,NA,NA,NA,NA,7,50-114,8,9,14,0,6,6,1981,9-Apr
NA,NA,NA,NA,NA,NA,NA,NA,NA,2,50-114,8,9,15,0,6,5,1982,9-Apr
NA,NA,NA,NA,NA,NA,NA,NA,NA,0,50-114,8,9,16,0,6,11,1983,9-Apr
NA,NA,NA,NA,NA,NA,NA,NA,NA,1,50-114,8,9,17,0,6,10,1984,9-Apr
NA,NA,NA,NA,NA,NA,NA,NA,NA,0,50-114,8,9,18,0,6,9,1985,9-Apr
NA,NA,NA,NA,NA,NA,NA,NA,NA,8,50-114,8,9,19,0,6,14,1986,9-Apr
NA,NA,NA,NA,NA,NA,NA,NA,NA,0,50-114,8,9,20,0,6,15,1987,9-Apr
NA,NA,NA,NA,NA,NA,NA,NA,NA,7,50-114,8,9,21,0,6,13,1988,9-Apr
NA,NA,NA,NA,NA,NA,NA,NA,NA,7,50-114,8,9,22,0,6,12,1989,9-Apr
NA,NA,NA,NA,NA,NA,NA,NA,NA,3,50-114,8,9,23,0,6,7,1990,9-Apr
NA,NA,NA,NA,NA,NA,NA,NA,NA,10,50-114,8,9,24,0,6,10,1991,9-Apr
NA,NA,NA,NA,NA,NA,NA,NA,NA,5,50-114,8,9,25,0,6,4,1992,9-Apr
NA,NA,NA,NA,NA,NA,NA,NA,NA,17,50-114,8,9,26,0,6,6,1993,9-Apr
NA,NA,NA,NA,NA,NA,NA,NA,NA,0,50-102,6,1,24,1,6,22,1991,45-11
NA,NA,NA,NA,NA,NA,NA,NA,NA,1,50-102,6,1,25,0,6,21,1992,45-11
NA,NA,NA,NA,NA,NA,NA,NA,NA,0,50-102,6,2,26,1,6,18,1993,45-11
NA,NA,NA,NA,NA,NA,NA,NA,NA,1,50-102,6,3,2,1,6,28,1969,45-11
NA,NA,NA,NA,NA,NA,NA,NA,NA,1,50-102,6,3,3,0,7,4,1970,45-11
NA,NA,NA,NA,NA,NA,NA,NA,NA,2,50-102,6,3,4,0,7,1,1971,45-11
NA,NA,NA,NA,NA,NA,NA,NA,NA,2,50-102,6,3,5,0,7,1,1972,45-11
NA,NA,NA,NA,NA,NA,NA,NA,NA,5,50-102,6,3,6,0,7,3,1973,45-11
NA,NA,NA,NA,NA,NA,NA,NA,NA,2,50-102,6,3,7,0,6,29,1974,45-11
NA,NA,NA,NA,NA,NA,NA,NA,NA,0,50-102,6,3,8,0,6,30,1975,45-11
NA,NA,NA,NA,NA,NA,NA,NA,NA,5,50-102,6,3,9,0,7,1,1976,45-11
NA,NA,NA,NA,NA,NA,NA,NA,NA,5,50-102,6,3,10,0,7,1,1977,45-11
NA,NA,NA,NA,NA,NA,NA,NA,NA,0,50-102,6,3,12,0,6,26,1979,45-11
NA,NA,NA,NA,NA,NA,NA,NA,NA,0,50-102,6,3,13,0,6,25,1980,45-11
NA,NA,NA,NA,NA,NA,NA,NA,NA,2,50-102,6,4,19,1,6,21,1986,45-11
NA,NA,NA,NA,NA,NA,NA,NA,NA,3,50-102,6,4,20,0,6,25,1987,45-11
NA,NA,NA,NA,NA,NA,NA,NA,NA,0,48-104,5,1,22,1,6,14,1989,53-12
NA,NA,NA,NA,NA,NA,NA,NA,NA,0,48-104,5,2,12,1,6,27,1979,53-12
NA,NA,NA,NA,NA,NA,NA,NA,NA,6,48-104,5,3,16,1,6,17,1983,53-12
NA,NA,NA,NA,NA,NA,NA,NA,NA,0,48-104,5,4,8,1,6,23,1975,53-12
NA,NA,NA,NA,NA,NA,NA,NA,NA,0,48-104,5,4,9,0,6,30,1976,53-12
NA,NA,NA,NA,NA,NA,NA,NA,NA,9,48-104,5,5,19,1,6,22,1986,53-12
NA,NA,NA,NA,NA,NA,NA,NA,NA,2,48-104,5,6,23,1,6,19,1990,53-12
NA,NA,NA,NA,NA,NA,NA,NA,NA,5,48-104,5,6,25,0,6,26,1992,53-12
NA,NA,NA,NA,NA,NA,NA,NA,NA,0,48-104,5,7,2,1,6,18,1969,53-12
NA,NA,NA,NA,NA,NA,NA,NA,NA,0,48-104,5,7,3,0,6,18,1970,53-12
NA,NA,NA,NA,NA,NA,NA,NA,NA,0,48-104,5,7,4,0,6,18,1971,53-12
NA,NA,NA,NA,NA,NA,NA,NA,NA,0,48-104,5,7,5,0,6,16,1972,53-12
NA,NA,NA,NA,NA,NA,NA,NA,NA,0,48-104,5,7,6,0,6,22,1973,53-12
NA,NA,NA,NA,NA,NA,NA,NA,NA,0,48-104,5,7,7,0,6,18,1974,53-12
NA,NA,NA,NA,NA,NA,NA,NA,NA,0,48-104,5,8,2,1,6,11,1969,53-24
NA,NA,NA,NA,NA,NA,NA,NA,NA,0,48-104,5,9,19,1,6,26,1986,53-24
NA,NA,NA,NA,NA,NA,NA,NA,NA,0,48-104,5,9,20,0,6,10,1987,53-24
NA,NA,NA,NA,NA,NA,NA,NA,NA,0,48-104,5,10,11,1,7,7,1978,53-24
NA,NA,NA,NA,NA,NA,NA,NA,NA,0,48-104,5,10,12,0,6,22,1979,53-24
NA,NA,NA,NA,NA,NA,NA,NA,NA,0,48-104,5,10,13,0,6,13,1980,53-24
NA,NA,NA,NA,NA,NA,NA,NA,NA,0,48-104,5,10,14,0,6,24,1981,53-24
NA,NA,NA,NA,NA,NA,NA,NA,NA,0,48-104,5,11,10,1,6,28,1977,53-24
NA,NA,NA,NA,NA,NA,NA,NA,NA,0,48-104,5,12,22,1,7,7,1989,53-24
NA,NA,NA,NA,NA,NA,NA,NA,NA,2,48-104,5,12,23,0,6,26,1990,53-24
NA,NA,NA,NA,NA,NA,NA,NA,NA,0,48-104,5,12,24,0,6,7,1991,53-24
NA,NA,NA,NA,NA,NA,NA,NA,NA,0,48-104,5,12,25,0,6,10,1992,53-24
NA,NA,NA,NA,NA,NA,NA,NA,NA,2,48-104,5,12,26,0,6,16,1993,53-24
NA,NA,NA,NA,NA,NA,NA,NA,NA,0,48-104,5,13,5,1,7,1,1972,53-24
NA,NA,NA,NA,NA,NA,NA,NA,NA,1,46-104,2,1,11,1,6,19,1978,53-35
NA,NA,NA,NA,NA,NA,NA,NA,NA,1,46-104,2,1,12,0,6,15,1979,53-35
NA,NA,NA,NA,NA,NA,NA,NA,NA,0,46-104,2,1,13,0,6,17,1980,53-35
NA,NA,NA,NA,NA,NA,NA,NA,NA,0,46-104,2,1,15,0,7,7,1982,53-35
NA,NA,NA,NA,NA,NA,NA,NA,NA,0,46-104,2,1,18,0,6,20,1985,53-35
NA,NA,NA,NA,NA,NA,NA,NA,NA,0,46-104,2,1,19,0,6,26,1986,53-35
NA,NA,NA,NA,NA,NA,NA,NA,NA,0,46-104,2,1,20,0,6,13,1987,53-35
NA,NA,NA,NA,NA,NA,NA,NA,NA,0,46-104,2,1,21,0,6,28,1988,53-35
NA,NA,NA,NA,NA,NA,NA,NA,NA,0,46-104,2,1,22,0,6,26,1989,53-35
NA,NA,NA,NA,NA,NA,NA,NA,NA,2,46-104,2,1,23,0,6,23,1990,53-35
NA,NA,NA,NA,NA,NA,NA,NA,NA,0,46-104,2,1,24,0,6,25,1991,53-35
NA,NA,NA,NA,NA,NA,NA,NA,NA,2,46-104,2,1,25,0,6,24,1992,53-35
NA,NA,NA,NA,NA,NA,NA,NA,NA,0,46-104,2,1,26,0,6,22,1993,53-35
NA,NA,NA,NA,NA,NA,NA,NA,NA,1,46-104,2,2,15,1,6,13,1982,53-45
NA,NA,NA,NA,NA,NA,NA,NA,NA,0,46-104,2,3,17,1,6,28,1984,53-45
NA,NA,NA,NA,NA,NA,NA,NA,NA,0,46-104,2,3,19,0,6,13,1986,53-45
NA,NA,NA,NA,NA,NA,NA,NA,NA,0,46-104,2,3,20,0,6,16,1987,53-45
NA,NA,NA,NA,NA,NA,NA,NA,NA,0,46-104,2,3,21,0,6,28,1988,53-45
NA,NA,NA,NA,NA,NA,NA,NA,NA,0,46-104,2,4,23,1,6,27,1990,53-45
NA,NA,NA,NA,NA,NA,NA,NA,NA,2,46-104,2,4,24,0,6,27,1991,53-45
NA,NA,NA,NA,NA,NA,NA,NA,NA,0,46-104,2,4,25,0,6,5,1992,53-45
NA,NA,NA,NA,NA,NA,NA,NA,NA,0,46-104,2,4,26,0,6,16,1993,53-45
NA,NA,NA,NA,NA,NA,NA,NA,NA,31,48-100,3,1,13,1,6,21,1980,64-11
NA,NA,NA,NA,NA,NA,NA,NA,NA,27,48-100,3,1,14,0,6,24,1981,64-11
NA,NA,NA,NA,NA,NA,NA,NA,NA,52,48-100,3,1,15,0,5,27,1982,64-11
NA,NA,NA,NA,NA,NA,NA,NA,NA,60,48-100,3,1,16,0,6,14,1983,64-11
NA,NA,NA,NA,NA,NA,NA,NA,NA,49,48-100,3,2,21,1,6,3,1988,64-11
NA,NA,NA,NA,NA,NA,NA,NA,NA,50,48-100,3,2,22,0,6,23,1989,64-11
NA,NA,NA,NA,NA,NA,NA,NA,NA,24,48-100,3,2,23,0,6,19,1990,64-11
NA,NA,NA,NA,NA,NA,NA,NA,NA,16,48-100,3,2,24,0,6,19,1991,64-11
NA,NA,NA,NA,NA,NA,NA,NA,NA,13,48-100,3,2,25,0,6,8,1992,64-11
NA,NA,NA,NA,NA,NA,NA,NA,NA,5,48-100,3,2,26,0,6,18,1993,64-11
NA,NA,NA,NA,NA,NA,NA,NA,NA,5,48-100,3,3,13,1,6,9,1980,64-12
NA,NA,NA,NA,NA,NA,NA,NA,NA,9,48-100,3,3,14,0,6,13,1981,64-12
NA,NA,NA,NA,NA,NA,NA,NA,NA,1,48-100,3,3,15,0,5,30,1982,64-12
NA,NA,NA,NA,NA,NA,NA,NA,NA,2,48-100,3,3,16,0,6,15,1983,64-12
NA,NA,NA,NA,NA,NA,NA,NA,NA,0,48-100,3,4,9,1,6,6,1976,64-12
NA,NA,NA,NA,NA,NA,NA,NA,NA,1,48-100,3,4,10,0,6,4,1977,64-12
NA,NA,NA,NA,NA,NA,NA,NA,NA,0,48-100,3,4,11,0,6,4,1978,64-12
NA,NA,NA,NA,NA,NA,NA,NA,NA,0,48-100,3,4,12,0,6,16,1979,64-12
NA,NA,NA,NA,NA,NA,NA,NA,NA,2,48-100,3,5,7,1,6,23,1974,64-12
NA,NA,NA,NA,NA,NA,NA,NA,NA,2,48-100,3,5,8,0,6,21,1975,64-12
NA,NA,NA,NA,NA,NA,NA,NA,NA,3,48-100,3,6,21,1,7,4,1988,64-12
NA,NA,NA,NA,NA,NA,NA,NA,NA,1,48-100,3,6,22,0,6,18,1989,64-12
NA,NA,NA,NA,NA,NA,NA,NA,NA,8,48-100,3,7,25,1,6,21,1992,64-12
NA,NA,NA,NA,NA,NA,NA,NA,NA,1,48-100,3,8,1,1,6,15,1968,64-12
NA,NA,NA,NA,NA,NA,NA,NA,NA,5,48-100,3,8,2,0,7,1,1969,64-12
NA,NA,NA,NA,NA,NA,NA,NA,NA,0,48-100,3,8,3,0,6,23,1970,64-12
NA,NA,NA,NA,NA,NA,NA,NA,NA,0,48-100,3,8,4,0,6,12,1971,64-12
NA,NA,NA,NA,NA,NA,NA,NA,NA,0,48-100,3,8,5,0,6,21,1972,64-12
NA,NA,NA,NA,NA,NA,NA,NA,NA,0,48-100,3,8,6,0,6,9,1973,64-12
NA,NA,NA,NA,NA,NA,NA,NA,NA,0,48-100,3,9,23,1,6,23,1990,64-19
NA,NA,NA,NA,NA,NA,NA,NA,NA,0,48-100,3,9,24,0,7,4,1991,64-19
NA,NA,NA,NA,NA,NA,NA,NA,NA,0,48-100,3,9,25,0,6,25,1992,64-19
NA,NA,NA,NA,NA,NA,NA,NA,NA,0,48-100,3,10,1,1,6,27,1968,64-19
NA,NA,NA,NA,NA,NA,NA,NA,NA,7,48-100,3,10,2,0,6,28,1969,64-19
NA,NA,NA,NA,NA,NA,NA,NA,NA,1,48-100,3,10,3,0,7,1,1970,64-19
NA,NA,NA,NA,NA,NA,NA,NA,NA,10,48-100,3,10,4,0,6,30,1971,64-19
NA,NA,NA,NA,NA,NA,NA,NA,NA,9,48-100,3,10,5,0,6,29,1972,64-19
NA,NA,NA,NA,NA,NA,NA,NA,NA,2,48-100,3,10,6,0,6,22,1973,64-19
NA,NA,NA,NA,NA,NA,NA,NA,NA,0,48-100,3,10,7,0,6,26,1974,64-19
NA,NA,NA,NA,NA,NA,NA,NA,NA,3,48-100,3,10,8,0,6,18,1975,64-19
NA,NA,NA,NA,NA,NA,NA,NA,NA,0,48-100,3,10,9,0,6,25,1976,64-19
NA,NA,NA,NA,NA,NA,NA,NA,NA,0,48-100,3,10,10,0,6,19,1977,64-19
NA,NA,NA,NA,NA,NA,NA,NA,NA,3,48-100,3,10,11,0,6,18,1978,64-19
NA,NA,NA,NA,NA,NA,NA,NA,NA,1,48-100,3,10,12,0,6,22,1979,64-19
NA,NA,NA,NA,NA,NA,NA,NA,NA,0,48-100,3,10,13,0,6,21,1980,64-19
NA,NA,NA,NA,NA,NA,NA,NA,NA,7,48-100,3,10,14,0,6,22,1981,64-19
NA,NA,NA,NA,NA,NA,NA,NA,NA,3,48-100,3,10,15,0,6,19,1982,64-19
NA,NA,NA,NA,NA,NA,NA,NA,NA,1,48-100,3,10,16,0,6,27,1983,64-19
NA,NA,NA,NA,NA,NA,NA,NA,NA,0,48-100,3,10,17,0,6,25,1984,64-19
NA,NA,NA,NA,NA,NA,NA,NA,NA,3,48-100,3,10,18,0,6,23,1985,64-19
NA,NA,NA,NA,NA,NA,NA,NA,NA,1,48-100,3,10,19,0,6,16,1986,64-19
NA,NA,NA,NA,NA,NA,NA,NA,NA,0,48-100,3,10,20,0,6,25,1987,64-19
NA,NA,NA,NA,NA,NA,NA,NA,NA,1,46-100,1,1,19,1,6,19,1986,64-20
NA,NA,NA,NA,NA,NA,NA,NA,NA,0,46-100,1,2,21,1,6,19,1988,64-20
NA,NA,NA,NA,NA,NA,NA,NA,NA,0,46-100,1,2,22,0,6,17,1989,64-20
NA,NA,NA,NA,NA,NA,NA,NA,NA,0,46-100,1,2,23,0,6,24,1990,64-20
NA,NA,NA,NA,NA,NA,NA,NA,NA,0,46-100,1,2,24,0,6,27,1991,64-20
NA,NA,NA,NA,NA,NA,NA,NA,NA,0,46-100,1,2,25,0,6,21,1992,64-20
NA,NA,NA,NA,NA,NA,NA,NA,NA,1,48-102,4,1,1,1,7,4,1968,64-22
NA,NA,NA,NA,NA,NA,NA,NA,NA,14,48-102,4,1,3,0,6,27,1970,64-22
NA,NA,NA,NA,NA,NA,NA,NA,NA,27,48-102,4,1,4,0,6,26,1971,64-22
NA,NA,NA,NA,NA,NA,NA,NA,NA,20,48-102,4,1,5,0,6,25,1972,64-22
NA,NA,NA,NA,NA,NA,NA,NA,NA,35,48-102,4,1,6,0,6,23,1973,64-22
NA,NA,NA,NA,NA,NA,NA,NA,NA,30,48-102,4,1,7,0,6,22,1974,64-22
NA,NA,NA,NA,NA,NA,NA,NA,NA,20,48-102,4,1,8,0,6,29,1975,64-22
NA,NA,NA,NA,NA,NA,NA,NA,NA,14,48-102,4,1,9,0,6,19,1976,64-22
NA,NA,NA,NA,NA,NA,NA,NA,NA,4,48-102,4,1,10,0,6,18,1977,64-22
NA,NA,NA,NA,NA,NA,NA,NA,NA,18,48-102,4,1,11,0,6,11,1978,64-22
NA,NA,NA,NA,NA,NA,NA,NA,NA,13,48-102,4,1,12,0,6,18,1979,64-22
NA,NA,NA,NA,NA,NA,NA,NA,NA,10,48-102,4,1,13,0,6,15,1980,64-22
NA,NA,NA,NA,NA,NA,NA,NA,NA,27,48-102,4,1,14,0,6,23,1981,64-22
NA,NA,NA,NA,NA,NA,NA,NA,NA,16,48-102,4,1,15,0,6,12,1982,64-22
NA,NA,NA,NA,NA,NA,NA,NA,NA,1,48-102,4,1,16,0,6,12,1983,64-22
NA,NA,NA,NA,NA,NA,NA,NA,NA,22,48-102,4,1,17,0,7,2,1984,64-22
NA,NA,NA,NA,NA,NA,NA,NA,NA,8,48-102,4,1,26,0,6,11,1993,64-22
NA,NA,NA,NA,NA,NA,NA,NA,NA,18,48-102,4,2,2,1,7,5,1969,64-22
NA,NA,NA,NA,NA,NA,NA,NA,NA,3,48-102,4,3,1,1,6,22,1968,64-23
NA,NA,NA,NA,NA,NA,NA,NA,NA,11,48-102,4,3,2,0,6,23,1969,64-23
NA,NA,NA,NA,NA,NA,NA,NA,NA,1,48-102,4,3,3,0,6,24,1970,64-23
NA,NA,NA,NA,NA,NA,NA,NA,NA,8,48-102,4,3,4,0,6,28,1971,64-23
NA,NA,NA,NA,NA,NA,NA,NA,NA,14,48-102,4,3,5,0,6,22,1972,64-23
NA,NA,NA,NA,NA,NA,NA,NA,NA,6,48-102,4,3,6,0,6,29,1973,64-23
NA,NA,NA,NA,NA,NA,NA,NA,NA,3,48-102,4,4,8,1,7,3,1975,64-23
NA,NA,NA,NA,NA,NA,NA,NA,NA,1,48-102,4,5,7,1,6,9,1974,64-23
NA,NA,NA,NA,NA,NA,NA,NA,NA,3,48-102,4,5,9,0,6,26,1976,64-23
NA,NA,NA,NA,NA,NA,NA,NA,NA,0,48-102,4,5,10,0,6,27,1977,64-23
NA,NA,NA,NA,NA,NA,NA,NA,NA,1,48-102,4,5,11,0,6,25,1978,64-23
NA,NA,NA,NA,NA,NA,NA,NA,NA,1,48-102,4,5,12,0,6,3,1979,64-23
NA,NA,NA,NA,NA,NA,NA,NA,NA,2,48-102,4,5,13,0,6,16,1980,64-23
NA,NA,NA,NA,NA,NA,NA,NA,NA,1,48-102,4,6,14,1,6,27,1981,64-23
NA,NA,NA,NA,NA,NA,NA,NA,NA,2,48-102,4,6,15,0,6,19,1982,64-23
NA,NA,NA,NA,NA,NA,NA,NA,NA,0,48-102,4,6,16,0,6,21,1983,64-23
NA,NA,NA,NA,NA,NA,NA,NA,NA,3,48-102,4,6,17,0,6,20,1984,64-23
NA,NA,NA,NA,NA,NA,NA,NA,NA,0,48-102,4,6,18,0,6,26,1985,64-23
NA,NA,NA,NA,NA,NA,NA,NA,NA,4,48-102,4,6,19,0,6,19,1986,64-23
NA,NA,NA,NA,NA,NA,NA,NA,NA,0,48-102,4,6,20,0,6,4,1987,64-23
NA,NA,NA,NA,NA,NA,NA,NA,NA,1,48-102,4,6,21,0,6,1,1988,64-23
NA,NA,NA,NA,NA,NA,NA,NA,NA,1,48-102,4,6,22,0,6,8,1989,64-23
NA,NA,NA,NA,NA,NA,NA,NA,NA,1,48-102,4,6,23,0,6,7,1990,64-23
NA,NA,NA,NA,NA,NA,NA,NA,NA,1,48-102,4,6,24,0,6,6,1991,64-23
NA,NA,NA,NA,NA,NA,NA,NA,NA,2,48-102,4,6,25,0,6,9,1992,64-23
NA,NA,NA,NA,NA,NA,NA,NA,NA,1,48-102,4,6,26,0,6,11,1993,64-23
NA,NA,NA,NA,NA,NA,NA,NA,NA,0,48-102,4,7,16,1,6,9,1983,64-24
NA,NA,NA,NA,NA,NA,NA,NA,NA,1,48-102,4,7,17,0,6,11,1984,64-24
NA,NA,NA,NA,NA,NA,NA,NA,NA,9,48-102,4,7,18,0,6,6,1985,64-24
NA,NA,NA,NA,NA,NA,NA,NA,NA,4,48-102,4,7,19,0,6,11,1986,64-24
NA,NA,NA,NA,NA,NA,NA,NA,NA,0,48-102,4,7,20,0,6,3,1987,64-24
NA,NA,NA,NA,NA,NA,NA,NA,NA,2,48-102,4,7,21,0,6,7,1988,64-24
NA,NA,NA,NA,NA,NA,NA,NA,NA,9,48-102,4,7,22,0,6,3,1989,64-24
NA,NA,NA,NA,NA,NA,NA,NA,NA,4,48-102,4,7,23,0,6,6,1990,64-24
NA,NA,NA,NA,NA,NA,NA,NA,NA,2,48-102,4,7,24,0,6,10,1991,64-24
NA,NA,NA,NA,NA,NA,NA,NA,NA,3,48-102,4,7,25,0,6,3,1992,64-24
NA,NA,NA,NA,NA,NA,NA,NA,NA,0,48-102,4,7,26,0,6,5,1993,64-24
NA,NA,NA,NA,NA,NA,NA,NA,NA,0,48-104,5,14,14,1,6,16,1981,64-25
NA,NA,NA,NA,NA,NA,NA,NA,NA,1,48-104,5,14,15,0,6,12,1982,64-25
NA,NA,NA,NA,NA,NA,NA,NA,NA,8,48-104,5,15,1,1,6,15,1968,64-25
NA,NA,NA,NA,NA,NA,NA,NA,NA,3,48-104,5,16,20,1,6,11,1987,64-25
NA,NA,NA,NA,NA,NA,NA,NA,NA,0,48-104,5,16,21,0,6,3,1988,64-25
NA,NA,NA,NA,NA,NA,NA,NA,NA,3,48-104,5,16,22,0,6,1,1989,64-25
NA,NA,NA,NA,NA,NA,NA,NA,NA,2,48-104,5,16,23,0,6,13,1990,64-25
NA,NA,NA,NA,NA,NA,NA,NA,NA,0,48-104,5,16,24,0,6,26,1991,64-25
NA,NA,NA,NA,NA,NA,NA,NA,NA,3,48-104,5,16,25,0,6,10,1992,64-25
NA,NA,NA,NA,NA,NA,NA,NA,NA,11,48-104,5,17,2,1,6,14,1969,64-25
NA,NA,NA,NA,NA,NA,NA,NA,NA,0,48-104,5,17,3,0,6,28,1970,64-25
NA,NA,NA,NA,NA,NA,NA,NA,NA,0,48-104,5,17,4,0,6,12,1971,64-25
NA,NA,NA,NA,NA,NA,NA,NA,NA,7,48-104,5,17,5,0,6,23,1972,64-25
NA,NA,NA,NA,NA,NA,NA,NA,NA,2,48-104,5,17,6,0,6,14,1973,64-25
NA,NA,NA,NA,NA,NA,NA,NA,NA,9,48-104,5,17,7,0,6,7,1974,64-25
NA,NA,NA,NA,NA,NA,NA,NA,NA,2,48-104,5,17,9,0,6,25,1976,64-25
NA,NA,NA,NA,NA,NA,NA,NA,NA,3,48-104,5,17,10,0,6,25,1977,64-25
NA,NA,NA,NA,NA,NA,NA,NA,NA,4,48-104,5,17,11,0,6,23,1978,64-25
NA,NA,NA,NA,NA,NA,NA,NA,NA,6,48-104,5,17,12,0,6,1,1979,64-25
NA,NA,NA,NA,NA,NA,NA,NA,NA,5,48-104,5,17,13,0,6,14,1980,64-25
NA,NA,NA,NA,NA,NA,NA,NA,NA,0,48-104,5,18,8,1,7,2,1975,64-25
NA,NA,NA,NA,NA,NA,NA,NA,NA,23,48-102,4,8,1,1,6,21,1968,64-26
NA,NA,NA,NA,NA,NA,NA,NA,NA,53,48-102,4,8,2,0,7,2,1969,64-26
NA,NA,NA,NA,NA,NA,NA,NA,NA,42,48-102,4,8,3,0,6,29,1970,64-26
NA,NA,NA,NA,NA,NA,NA,NA,NA,50,48-102,4,8,4,0,7,2,1971,64-26
NA,NA,NA,NA,NA,NA,NA,NA,NA,42,48-102,4,8,5,0,6,20,1972,64-26
NA,NA,NA,NA,NA,NA,NA,NA,NA,48,48-102,4,8,6,0,6,28,1973,64-26
NA,NA,NA,NA,NA,NA,NA,NA,NA,9,48-102,4,9,7,1,6,22,1974,64-26
NA,NA,NA,NA,NA,NA,NA,NA,NA,1,48-102,4,9,9,0,6,28,1976,64-26
NA,NA,NA,NA,NA,NA,NA,NA,NA,1,48-102,4,9,10,0,6,26,1977,64-26
NA,NA,NA,NA,NA,NA,NA,NA,NA,2,48-102,4,9,12,0,6,2,1979,64-26
NA,NA,NA,NA,NA,NA,NA,NA,NA,2,48-102,4,9,13,0,6,15,1980,64-26
NA,NA,NA,NA,NA,NA,NA,NA,NA,4,48-102,4,10,14,1,6,20,1981,64-26
NA,NA,NA,NA,NA,NA,NA,NA,NA,11,48-102,4,10,15,0,6,18,1982,64-26
NA,NA,NA,NA,NA,NA,NA,NA,NA,4,48-102,4,10,16,0,6,23,1983,64-26
NA,NA,NA,NA,NA,NA,NA,NA,NA,5,48-102,4,10,17,0,6,13,1984,64-26
NA,NA,NA,NA,NA,NA,NA,NA,NA,7,48-102,4,10,18,0,6,10,1985,64-26
NA,NA,NA,NA,NA,NA,NA,NA,NA,15,48-102,4,10,19,0,6,16,1986,64-26
NA,NA,NA,NA,NA,NA,NA,NA,NA,14,48-102,4,10,20,0,6,12,1987,64-26
NA,NA,NA,NA,NA,NA,NA,NA,NA,33,48-102,4,10,21,0,6,2,1988,64-26
NA,NA,NA,NA,NA,NA,NA,NA,NA,5,48-102,4,10,22,0,6,5,1989,64-26
NA,NA,NA,NA,NA,NA,NA,NA,NA,7,48-102,4,10,23,0,6,14,1990,64-26
NA,NA,NA,NA,NA,NA,NA,NA,NA,18,48-102,4,10,24,0,6,11,1991,64-26
NA,NA,NA,NA,NA,NA,NA,NA,NA,13,48-102,4,10,25,0,6,10,1992,64-26
NA,NA,NA,NA,NA,NA,NA,NA,NA,18,48-102,4,10,26,0,6,10,1993,64-26
NA,NA,NA,NA,NA,NA,NA,NA,NA,32,48-100,3,11,1,1,7,3,1968,64-28
NA,NA,NA,NA,NA,NA,NA,NA,NA,46,48-100,3,11,2,0,7,5,1969,64-28
NA,NA,NA,NA,NA,NA,NA,NA,NA,22,48-100,3,11,3,0,6,18,1970,64-28
NA,NA,NA,NA,NA,NA,NA,NA,NA,42,48-100,3,11,4,0,6,16,1971,64-28
NA,NA,NA,NA,NA,NA,NA,NA,NA,37,48-100,3,11,5,0,7,1,1972,64-28
NA,NA,NA,NA,NA,NA,NA,NA,NA,43,48-100,3,11,6,0,7,4,1973,64-28
NA,NA,NA,NA,NA,NA,NA,NA,NA,36,48-100,3,11,7,0,6,16,1974,64-28
NA,NA,NA,NA,NA,NA,NA,NA,NA,34,48-100,3,11,8,0,6,28,1975,64-28
NA,NA,NA,NA,NA,NA,NA,NA,NA,20,48-100,3,11,9,0,7,3,1976,64-28
NA,NA,NA,NA,NA,NA,NA,NA,NA,24,48-100,3,11,11,0,6,18,1978,64-28
NA,NA,NA,NA,NA,NA,NA,NA,NA,21,48-100,3,11,12,0,7,1,1979,64-28
NA,NA,NA,NA,NA,NA,NA,NA,NA,12,48-100,3,11,13,0,6,21,1980,64-28
NA,NA,NA,NA,NA,NA,NA,NA,NA,31,48-100,3,11,14,0,6,27,1981,64-28
NA,NA,NA,NA,NA,NA,NA,NA,NA,21,48-100,3,11,15,0,6,26,1982,64-28
NA,NA,NA,NA,NA,NA,NA,NA,NA,19,48-100,3,11,17,0,7,4,1984,64-28
NA,NA,NA,NA,NA,NA,NA,NA,NA,30,48-100,3,11,18,0,7,6,1985,64-28
NA,NA,NA,NA,NA,NA,NA,NA,NA,19,48-100,3,11,19,0,6,15,1986,64-28
NA,NA,NA,NA,NA,NA,NA,NA,NA,26,48-100,3,11,20,0,6,21,1987,64-28
NA,NA,NA,NA,NA,NA,NA,NA,NA,27,48-100,3,11,21,0,6,20,1988,64-28
NA,NA,NA,NA,NA,NA,NA,NA,NA,16,48-100,3,11,22,0,6,18,1989,64-28
NA,NA,NA,NA,NA,NA,NA,NA,NA,8,48-100,3,11,24,0,6,22,1991,64-28
NA,NA,NA,NA,NA,NA,NA,NA,NA,9,48-100,3,11,25,0,6,20,1992,64-28
NA,NA,NA,NA,NA,NA,NA,NA,NA,11,48-100,3,11,26,0,6,19,1993,64-28
NA,NA,NA,NA,NA,NA,NA,NA,NA,12,46-104,2,5,8,1,6,8,1975,64-30
NA,NA,NA,NA,NA,NA,NA,NA,NA,6,46-104,2,5,9,0,6,12,1976,64-30
NA,NA,NA,NA,NA,NA,NA,NA,NA,1,46-104,2,5,10,0,6,12,1977,64-30
NA,NA,NA,NA,NA,NA,NA,NA,NA,7,46-104,2,5,11,0,6,10,1978,64-30
NA,NA,NA,NA,NA,NA,NA,NA,NA,3,46-104,2,5,12,0,6,17,1979,64-30
NA,NA,NA,NA,NA,NA,NA,NA,NA,8,46-104,2,5,13,0,6,14,1980,64-30
NA,NA,NA,NA,NA,NA,NA,NA,NA,0,46-104,2,5,14,0,6,14,1981,64-30
NA,NA,NA,NA,NA,NA,NA,NA,NA,5,46-104,2,5,15,0,6,11,1982,64-30
NA,NA,NA,NA,NA,NA,NA,NA,NA,5,46-104,2,5,16,0,6,11,1983,64-30
NA,NA,NA,NA,NA,NA,NA,NA,NA,5,46-104,2,5,17,0,6,7,1984,64-30
NA,NA,NA,NA,NA,NA,NA,NA,NA,2,46-104,2,5,18,0,6,9,1985,64-30
NA,NA,NA,NA,NA,NA,NA,NA,NA,2,46-104,2,5,19,0,6,1,1986,64-30
NA,NA,NA,NA,NA,NA,NA,NA,NA,0,46-104,2,5,20,0,6,4,1987,64-30
NA,NA,NA,NA,NA,NA,NA,NA,NA,4,46-104,2,5,21,0,6,22,1988,64-30
NA,NA,NA,NA,NA,NA,NA,NA,NA,8,46-104,2,5,22,0,6,3,1989,64-30
NA,NA,NA,NA,NA,NA,NA,NA,NA,0,46-104,2,5,24,0,6,3,1991,64-30
NA,NA,NA,NA,NA,NA,NA,NA,NA,2,46-104,2,5,25,0,6,5,1992,64-30
NA,NA,NA,NA,NA,NA,NA,NA,NA,4,46-104,2,5,26,0,6,10,1993,64-30
NA,NA,NA,NA,NA,NA,NA,NA,NA,18,46-104,2,6,2,1,7,7,1969,64-30
NA,NA,NA,NA,NA,NA,NA,NA,NA,4,46-104,2,7,4,1,6,27,1971,64-30
NA,NA,NA,NA,NA,NA,NA,NA,NA,8,46-104,2,7,5,0,7,1,1972,64-30
NA,NA,NA,NA,NA,NA,NA,NA,NA,3,46-104,2,7,6,0,6,16,1973,64-30
NA,NA,NA,NA,NA,NA,NA,NA,NA,0,48-102,4,11,1,1,6,21,1968,64-31
NA,NA,NA,NA,NA,NA,NA,NA,NA,0,48-102,4,11,2,0,6,14,1969,64-31
NA,NA,NA,NA,NA,NA,NA,NA,NA,4,48-102,4,11,3,0,6,14,1970,64-31
NA,NA,NA,NA,NA,NA,NA,NA,NA,2,48-102,4,11,4,0,6,12,1971,64-31
NA,NA,NA,NA,NA,NA,NA,NA,NA,4,48-102,4,11,5,0,6,10,1972,64-31
NA,NA,NA,NA,NA,NA,NA,NA,NA,5,48-102,4,11,6,0,6,9,1973,64-31
NA,NA,NA,NA,NA,NA,NA,NA,NA,5,48-102,4,11,7,0,6,14,1974,64-31
NA,NA,NA,NA,NA,NA,NA,NA,NA,14,48-102,4,11,8,0,6,12,1975,64-31
NA,NA,NA,NA,NA,NA,NA,NA,NA,0,48-102,4,11,9,0,6,16,1976,64-31
NA,NA,NA,NA,NA,NA,NA,NA,NA,0,48-102,4,11,10,0,6,5,1977,64-31
NA,NA,NA,NA,NA,NA,NA,NA,NA,3,48-102,4,11,11,0,6,13,1978,64-31
NA,NA,NA,NA,NA,NA,NA,NA,NA,1,48-102,4,11,12,0,6,13,1979,64-31
NA,NA,NA,NA,NA,NA,NA,NA,NA,0,48-102,4,11,13,0,6,2,1980,64-31
NA,NA,NA,NA,NA,NA,NA,NA,NA,1,48-102,4,11,14,0,6,20,1981,64-31
NA,NA,NA,NA,NA,NA,NA,NA,NA,3,48-102,4,11,15,0,6,12,1982,64-31
NA,NA,NA,NA,NA,NA,NA,NA,NA,0,48-102,4,11,16,0,6,20,1983,64-31
NA,NA,NA,NA,NA,NA,NA,NA,NA,1,48-102,4,11,17,0,6,28,1984,64-31
NA,NA,NA,NA,NA,NA,NA,NA,NA,1,48-102,4,11,18,0,6,20,1985,64-31
NA,NA,NA,NA,NA,NA,NA,NA,NA,0,48-102,4,12,21,1,6,25,1988,64-31
NA,NA,NA,NA,NA,NA,NA,NA,NA,0,48-102,4,12,22,0,6,18,1989,64-31
NA,NA,NA,NA,NA,NA,NA,NA,NA,3,48-102,4,12,25,0,6,19,1992,64-31
NA,NA,NA,NA,NA,NA,NA,NA,NA,0,48-104,5,19,5,1,6,25,1972,64-32
NA,NA,NA,NA,NA,NA,NA,NA,NA,0,48-104,5,19,6,0,6,24,1973,64-32
NA,NA,NA,NA,NA,NA,NA,NA,NA,0,48-104,5,19,7,0,6,24,1974,64-32
NA,NA,NA,NA,NA,NA,NA,NA,NA,0,48-104,5,19,8,0,6,30,1975,64-32
NA,NA,NA,NA,NA,NA,NA,NA,NA,0,48-104,5,19,9,0,6,10,1976,64-32
NA,NA,NA,NA,NA,NA,NA,NA,NA,1,48-104,5,19,10,0,6,23,1977,64-32
NA,NA,NA,NA,NA,NA,NA,NA,NA,0,48-104,5,19,11,0,6,9,1978,64-32
NA,NA,NA,NA,NA,NA,NA,NA,NA,0,48-104,5,19,12,0,6,16,1979,64-32
NA,NA,NA,NA,NA,NA,NA,NA,NA,0,48-104,5,19,13,0,6,4,1980,64-32
NA,NA,NA,NA,NA,NA,NA,NA,NA,0,48-104,5,19,14,0,6,20,1981,64-32
NA,NA,NA,NA,NA,NA,NA,NA,NA,17,48-104,5,19,15,0,6,25,1982,64-32
NA,NA,NA,NA,NA,NA,NA,NA,NA,14,48-104,5,19,16,0,6,8,1983,64-32
NA,NA,NA,NA,NA,NA,NA,NA,NA,0,48-104,5,19,17,0,6,23,1984,64-32
NA,NA,NA,NA,NA,NA,NA,NA,NA,3,48-104,5,19,18,0,7,1,1985,64-32
NA,NA,NA,NA,NA,NA,NA,NA,NA,0,48-104,5,19,19,0,6,22,1986,64-32
NA,NA,NA,NA,NA,NA,NA,NA,NA,11,48-104,5,19,20,0,6,27,1987,64-32
NA,NA,NA,NA,NA,NA,NA,NA,NA,2,48-104,5,19,21,0,6,4,1988,64-32
NA,NA,NA,NA,NA,NA,NA,NA,NA,1,48-104,5,19,22,0,6,11,1989,64-32
NA,NA,NA,NA,NA,NA,NA,NA,NA,0,48-104,5,19,23,0,6,10,1990,64-32
NA,NA,NA,NA,NA,NA,NA,NA,NA,0,48-104,5,19,24,0,6,27,1991,64-32
NA,NA,NA,NA,NA,NA,NA,NA,NA,2,48-104,5,19,25,0,6,6,1992,64-32
NA,NA,NA,NA,NA,NA,NA,NA,NA,2,48-104,5,20,26,1,6,10,1993,64-32
NA,NA,NA,NA,NA,NA,NA,NA,NA,5,48-104,5,21,2,1,7,1,1969,64-32
NA,NA,NA,NA,NA,NA,NA,NA,NA,2,48-104,5,21,3,0,7,1,1970,64-32
NA,NA,NA,NA,NA,NA,NA,NA,NA,2,48-104,5,21,4,0,6,25,1971,64-32
NA,NA,NA,NA,NA,NA,NA,NA,NA,0,46-104,2,8,12,1,6,26,1979,64-35
NA,NA,NA,NA,NA,NA,NA,NA,NA,0,46-104,2,8,13,0,6,20,1980,64-35
NA,NA,NA,NA,NA,NA,NA,NA,NA,0,46-104,2,9,19,1,6,12,1986,64-35
NA,NA,NA,NA,NA,NA,NA,NA,NA,3,46-104,2,9,20,0,5,30,1987,64-35
NA,NA,NA,NA,NA,NA,NA,NA,NA,1,46-104,2,9,21,0,6,20,1988,64-35
NA,NA,NA,NA,NA,NA,NA,NA,NA,1,46-104,2,9,22,0,6,8,1989,64-35
NA,NA,NA,NA,NA,NA,NA,NA,NA,0,46-104,2,9,23,0,6,8,1990,64-35
NA,NA,NA,NA,NA,NA,NA,NA,NA,2,46-104,2,9,24,0,5,30,1991,64-35
NA,NA,NA,NA,NA,NA,NA,NA,NA,0,46-104,2,9,25,0,6,19,1992,64-35
NA,NA,NA,NA,NA,NA,NA,NA,NA,32,48-104,5,22,19,1,6,23,1986,64-38
NA,NA,NA,NA,NA,NA,NA,NA,NA,18,48-104,5,22,22,0,6,25,1989,64-38
NA,NA,NA,NA,NA,NA,NA,NA,NA,41,48-104,5,22,26,0,6,10,1993,64-38
NA,NA,NA,NA,NA,NA,NA,NA,NA,12,48-104,5,23,15,1,6,20,1982,64-38
NA,NA,NA,NA,NA,NA,NA,NA,NA,11,48-102,4,13,13,1,6,30,1980,64-39
NA,NA,NA,NA,NA,NA,NA,NA,NA,10,48-102,4,14,19,1,6,20,1986,64-39
NA,NA,NA,NA,NA,NA,NA,NA,NA,24,48-102,4,14,22,0,7,3,1989,64-39
NA,NA,NA,NA,NA,NA,NA,NA,NA,13,48-102,4,14,23,0,6,23,1990,64-39
NA,NA,NA,NA,NA,NA,NA,NA,NA,33,48-102,4,14,26,0,6,19,1993,64-39
NA,NA,NA,NA,NA,NA,NA,NA,NA,14,48-102,4,15,15,1,6,24,1982,64-39
NA,NA,NA,NA,NA,NA,NA,NA,NA,2,48-102,4,16,15,1,6,13,1982,64-40
NA,NA,NA,NA,NA,NA,NA,NA,NA,2,48-102,4,16,16,0,6,15,1983,64-40
NA,NA,NA,NA,NA,NA,NA,NA,NA,1,48-102,4,16,17,0,6,15,1984,64-40
NA,NA,NA,NA,NA,NA,NA,NA,NA,4,48-102,4,16,18,0,6,19,1985,64-40
NA,NA,NA,NA,NA,NA,NA,NA,NA,8,48-102,4,16,19,0,6,14,1986,64-40
NA,NA,NA,NA,NA,NA,NA,NA,NA,2,48-102,4,16,20,0,6,13,1987,64-40
NA,NA,NA,NA,NA,NA,NA,NA,NA,3,48-102,4,16,21,0,6,12,1988,64-40
NA,NA,NA,NA,NA,NA,NA,NA,NA,1,48-102,4,16,22,0,6,22,1989,64-40
NA,NA,NA,NA,NA,NA,NA,NA,NA,1,48-102,4,16,23,0,6,10,1990,64-40
NA,NA,NA,NA,NA,NA,NA,NA,NA,2,48-102,4,16,24,0,6,21,1991,64-40
NA,NA,NA,NA,NA,NA,NA,NA,NA,0,48-102,4,16,25,0,6,27,1992,64-40
NA,NA,NA,NA,NA,NA,NA,NA,NA,3,48-102,4,16,26,0,6,6,1993,64-40
NA,NA,NA,NA,NA,NA,NA,NA,NA,5,48-102,4,17,17,1,6,24,1984,64-41
NA,NA,NA,NA,NA,NA,NA,NA,NA,3,48-102,4,17,18,0,6,14,1985,64-41
NA,NA,NA,NA,NA,NA,NA,NA,NA,5,48-102,4,17,19,0,6,13,1986,64-41
NA,NA,NA,NA,NA,NA,NA,NA,NA,4,48-102,4,17,20,0,6,11,1987,64-41
NA,NA,NA,NA,NA,NA,NA,NA,NA,1,48-102,4,17,21,0,6,19,1988,64-41
NA,NA,NA,NA,NA,NA,NA,NA,NA,0,48-102,4,17,22,0,6,18,1989,64-41
NA,NA,NA,NA,NA,NA,NA,NA,NA,1,48-102,4,17,23,0,6,30,1990,64-41
NA,NA,NA,NA,NA,NA,NA,NA,NA,0,48-102,4,17,24,0,6,28,1991,64-41
NA,NA,NA,NA,NA,NA,NA,NA,NA,0,48-102,4,17,25,0,6,20,1992,64-41
NA,NA,NA,NA,NA,NA,NA,NA,NA,9,48-102,4,17,26,0,6,5,1993,64-41
NA,NA,NA,NA,NA,NA,NA,NA,NA,0,48-102,4,18,15,1,6,14,1982,64-41
NA,NA,NA,NA,NA,NA,NA,NA,NA,1,48-102,4,18,16,0,6,14,1983,64-41
NA,NA,NA,NA,NA,NA,NA,NA,NA,10,48-100,3,12,13,1,6,25,1980,64-42
NA,NA,NA,NA,NA,NA,NA,NA,NA,0,48-100,3,13,18,1,6,23,1985,64-42
NA,NA,NA,NA,NA,NA,NA,NA,NA,1,48-100,3,13,19,0,6,22,1986,64-42
NA,NA,NA,NA,NA,NA,NA,NA,NA,0,48-100,3,13,20,0,6,6,1987,64-42
NA,NA,NA,NA,NA,NA,NA,NA,NA,2,48-100,3,13,21,0,6,11,1988,64-42
NA,NA,NA,NA,NA,NA,NA,NA,NA,2,48-100,3,13,22,0,6,9,1989,64-42
NA,NA,NA,NA,NA,NA,NA,NA,NA,2,48-100,3,13,23,0,6,9,1990,64-42
NA,NA,NA,NA,NA,NA,NA,NA,NA,0,48-100,3,13,24,0,6,14,1991,64-42
NA,NA,NA,NA,NA,NA,NA,NA,NA,1,48-100,3,13,25,0,6,7,1992,64-42
NA,NA,NA,NA,NA,NA,NA,NA,NA,10,48-100,3,13,26,0,6,13,1993,64-42
NA,NA,NA,NA,NA,NA,NA,NA,NA,0,48-100,3,14,15,1,6,30,1982,64-42
NA,NA,NA,NA,NA,NA,NA,NA,NA,1,46-100,1,3,26,1,6,23,1993,64-43
NA,NA,NA,NA,NA,NA,NA,NA,NA,5,46-100,1,4,21,1,6,5,1988,64-43
NA,NA,NA,NA,NA,NA,NA,NA,NA,8,46-100,1,4,22,0,6,24,1989,64-43
NA,NA,NA,NA,NA,NA,NA,NA,NA,2,46-100,1,4,23,0,6,23,1990,64-43
NA,NA,NA,NA,NA,NA,NA,NA,NA,1,46-100,1,4,24,0,6,7,1991,64-43
NA,NA,NA,NA,NA,NA,NA,NA,NA,0,46-100,1,4,25,0,6,14,1992,64-43
NA,NA,NA,NA,NA,NA,NA,NA,NA,19,46-100,1,5,12,1,7,6,1979,64-5
NA,NA,NA,NA,NA,NA,NA,NA,NA,21,46-100,1,5,13,0,6,12,1980,64-5
NA,NA,NA,NA,NA,NA,NA,NA,NA,34,46-100,1,5,14,0,6,23,1981,64-5
NA,NA,NA,NA,NA,NA,NA,NA,NA,25,46-100,1,5,16,0,6,13,1983,64-5
NA,NA,NA,NA,NA,NA,NA,NA,NA,9,46-100,1,6,26,1,6,20,1993,64-5
NA,NA,NA,NA,NA,NA,NA,NA,NA,25,46-100,1,7,7,1,7,1,1974,64-5
NA,NA,NA,NA,NA,NA,NA,NA,NA,3,46-100,1,7,8,0,7,3,1975,64-5
NA,NA,NA,NA,NA,NA,NA,NA,NA,2,46-100,1,7,9,0,7,6,1976,64-5
NA,NA,NA,NA,NA,NA,NA,NA,NA,3,46-100,1,7,10,0,7,1,1977,64-5
NA,NA,NA,NA,NA,NA,NA,NA,NA,5,46-100,1,7,11,0,7,3,1978,64-5
NA,NA,NA,NA,NA,NA,NA,NA,NA,34,46-100,1,8,24,1,6,9,1991,64-5
NA,NA,NA,NA,NA,NA,NA,NA,NA,18,46-100,1,8,25,0,6,13,1992,64-5
NA,NA,NA,NA,NA,NA,NA,NA,NA,8,46-100,1,9,19,1,6,14,1986,64-5
NA,NA,NA,NA,NA,NA,NA,NA,NA,4,46-100,1,9,20,0,6,27,1987,64-5
NA,NA,NA,NA,NA,NA,NA,NA,NA,0,46-100,1,9,21,0,6,25,1988,64-5
NA,NA,NA,NA,NA,NA,NA,NA,NA,4,46-100,1,9,22,0,6,10,1989,64-5
NA,NA,NA,NA,NA,NA,NA,NA,NA,12,46-100,1,9,23,0,6,9,1990,64-5
NA,NA,NA,NA,NA,NA,NA,NA,NA,69,46-100,1,10,2,1,6,14,1969,64-5
NA,NA,NA,NA,NA,NA,NA,NA,NA,21,46-100,1,10,3,0,6,13,1970,64-5
NA,NA,NA,NA,NA,NA,NA,NA,NA,9,46-100,1,10,4,0,6,19,1971,64-5
NA,NA,NA,NA,NA,NA,NA,NA,NA,15,46-100,1,10,5,0,6,24,1972,64-5
NA,NA,NA,NA,NA,NA,NA,NA,NA,14,46-100,1,10,6,0,6,28,1973,64-5
NA,NA,NA,NA,NA,NA,NA,NA,NA,0,46-100,1,11,21,1,6,27,1988,64-6
NA,NA,NA,NA,NA,NA,NA,NA,NA,0,46-100,1,11,22,0,6,4,1989,64-6
NA,NA,NA,NA,NA,NA,NA,NA,NA,0,46-100,1,11,26,0,6,24,1993,64-6
NA,NA,NA,NA,NA,NA,NA,NA,NA,2,46-100,1,12,15,1,6,12,1982,64-6
NA,NA,NA,NA,NA,NA,NA,NA,NA,1,46-100,1,13,16,1,6,14,1983,64-6
NA,NA,NA,NA,NA,NA,NA,NA,NA,2,46-100,1,14,24,1,6,8,1991,64-6
NA,NA,NA,NA,NA,NA,NA,NA,NA,0,46-100,1,14,25,0,6,29,1992,64-6
NA,NA,NA,NA,NA,NA,NA,NA,NA,6,50-102,6,5,11,1,6,17,1978,79-1
NA,NA,NA,NA,NA,NA,NA,NA,NA,0,50-102,6,6,22,1,6,21,1989,79-10
NA,NA,NA,NA,NA,NA,NA,NA,NA,0,50-102,6,7,3,1,6,21,1970,79-10
NA,NA,NA,NA,NA,NA,NA,NA,NA,0,50-102,6,7,4,0,6,20,1971,79-10
NA,NA,NA,NA,NA,NA,NA,NA,NA,1,50-102,6,7,5,0,6,25,1972,79-10
NA,NA,NA,NA,NA,NA,NA,NA,NA,0,50-102,6,7,7,0,6,16,1974,79-10
NA,NA,NA,NA,NA,NA,NA,NA,NA,0,50-102,6,7,9,0,6,20,1976,79-10
NA,NA,NA,NA,NA,NA,NA,NA,NA,0,50-102,6,7,10,0,6,12,1977,79-10
NA,NA,NA,NA,NA,NA,NA,NA,NA,4,52-106,9,1,20,1,6,19,1987,79-123
NA,NA,NA,NA,NA,NA,NA,NA,NA,2,52-106,9,1,21,0,6,13,1988,79-123
NA,NA,NA,NA,NA,NA,NA,NA,NA,0,52-106,9,1,22,0,6,14,1989,79-123
NA,NA,NA,NA,NA,NA,NA,NA,NA,3,52-106,9,1,23,0,6,28,1990,79-123
NA,NA,NA,NA,NA,NA,NA,NA,NA,5,52-106,9,1,24,0,6,8,1991,79-123
NA,NA,NA,NA,NA,NA,NA,NA,NA,5,52-106,9,1,25,0,6,10,1992,79-123
NA,NA,NA,NA,NA,NA,NA,NA,NA,1,52-106,9,1,26,0,6,8,1993,79-123
NA,NA,NA,NA,NA,NA,NA,NA,NA,15,52-106,9,2,22,1,6,25,1989,79-124
NA,NA,NA,NA,NA,NA,NA,NA,NA,9,52-106,9,2,23,0,6,17,1990,79-124
NA,NA,NA,NA,NA,NA,NA,NA,NA,1,52-106,9,2,24,0,6,25,1991,79-124
NA,NA,NA,NA,NA,NA,NA,NA,NA,2,52-106,9,2,25,0,6,13,1992,79-124
NA,NA,NA,NA,NA,NA,NA,NA,NA,0,52-106,9,2,26,0,6,11,1993,79-124
NA,NA,NA,NA,NA,NA,NA,NA,NA,25,52-108,10,1,25,1,6,23,1992,79-125
NA,NA,NA,NA,NA,NA,NA,NA,NA,25,52-108,10,1,26,0,6,4,1993,79-125
NA,NA,NA,NA,NA,NA,NA,NA,NA,2,52-106,9,3,24,1,6,15,1991,79-132
NA,NA,NA,NA,NA,NA,NA,NA,NA,3,52-106,9,4,20,1,6,22,1987,79-132
NA,NA,NA,NA,NA,NA,NA,NA,NA,4,52-106,9,4,22,0,6,2,1989,79-132
NA,NA,NA,NA,NA,NA,NA,NA,NA,6,52-106,9,4,23,0,6,16,1990,79-132
NA,NA,NA,NA,NA,NA,NA,NA,NA,7,52-106,9,4,25,0,6,16,1992,79-132
NA,NA,NA,NA,NA,NA,NA,NA,NA,2,52-106,9,4,26,0,6,18,1993,79-132
NA,NA,NA,NA,NA,NA,NA,NA,NA,1,52-108,10,2,20,1,6,19,1987,79-133
NA,NA,NA,NA,NA,NA,NA,NA,NA,0,52-108,10,2,21,0,6,16,1988,79-133
NA,NA,NA,NA,NA,NA,NA,NA,NA,5,52-108,10,2,22,0,6,16,1989,79-133
NA,NA,NA,NA,NA,NA,NA,NA,NA,2,52-108,10,2,23,0,6,20,1990,79-133
NA,NA,NA,NA,NA,NA,NA,NA,NA,7,52-108,10,2,24,0,6,25,1991,79-133
NA,NA,NA,NA,NA,NA,NA,NA,NA,1,52-108,10,2,25,0,6,23,1992,79-133
NA,NA,NA,NA,NA,NA,NA,NA,NA,6,50-102,6,8,8,1,6,21,1975,79-2
NA,NA,NA,NA,NA,NA,NA,NA,NA,4,50-102,6,8,10,0,6,14,1977,79-2
NA,NA,NA,NA,NA,NA,NA,NA,NA,13,50-102,6,8,11,0,6,27,1978,79-2
NA,NA,NA,NA,NA,NA,NA,NA,NA,3,50-102,6,8,12,0,6,17,1979,79-2
NA,NA,NA,NA,NA,NA,NA,NA,NA,6,50-102,6,8,13,0,6,22,1980,79-2
NA,NA,NA,NA,NA,NA,NA,NA,NA,7,50-102,6,9,23,1,6,23,1990,79-2
NA,NA,NA,NA,NA,NA,NA,NA,NA,9,50-102,6,9,24,0,6,3,1991,79-2
NA,NA,NA,NA,NA,NA,NA,NA,NA,16,50-102,6,9,25,0,6,10,1992,79-2
NA,NA,NA,NA,NA,NA,NA,NA,NA,1,52-106,9,5,5,1,6,3,1972,79-24
NA,NA,NA,NA,NA,NA,NA,NA,NA,5,52-106,9,5,6,0,6,12,1973,79-24
NA,NA,NA,NA,NA,NA,NA,NA,NA,1,52-106,9,5,7,0,6,18,1974,79-24
NA,NA,NA,NA,NA,NA,NA,NA,NA,0,52-106,9,5,8,0,6,19,1975,79-24
NA,NA,NA,NA,NA,NA,NA,NA,NA,0,52-106,9,5,10,0,6,22,1977,79-24
NA,NA,NA,NA,NA,NA,NA,NA,NA,0,52-106,9,5,11,0,6,12,1978,79-24
NA,NA,NA,NA,NA,NA,NA,NA,NA,0,52-106,9,5,12,0,6,22,1979,79-24
NA,NA,NA,NA,NA,NA,NA,NA,NA,0,52-106,9,5,13,0,6,19,1980,79-24
NA,NA,NA,NA,NA,NA,NA,NA,NA,0,52-106,9,5,14,0,6,8,1981,79-24
NA,NA,NA,NA,NA,NA,NA,NA,NA,0,52-106,9,5,15,0,6,8,1982,79-24
NA,NA,NA,NA,NA,NA,NA,NA,NA,0,52-106,9,5,16,0,6,15,1983,79-24
NA,NA,NA,NA,NA,NA,NA,NA,NA,0,52-106,9,5,17,0,6,4,1984,79-24
NA,NA,NA,NA,NA,NA,NA,NA,NA,0,52-106,9,5,18,0,6,27,1985,79-24
NA,NA,NA,NA,NA,NA,NA,NA,NA,0,52-106,9,5,19,0,6,6,1986,79-24
NA,NA,NA,NA,NA,NA,NA,NA,NA,1,52-106,9,5,20,0,6,26,1987,79-24
NA,NA,NA,NA,NA,NA,NA,NA,NA,0,52-106,9,5,21,0,6,17,1988,79-24
NA,NA,NA,NA,NA,NA,NA,NA,NA,1,52-106,9,5,22,0,6,30,1989,79-24
NA,NA,NA,NA,NA,NA,NA,NA,NA,3,52-106,9,5,23,0,6,15,1990,79-24
NA,NA,NA,NA,NA,NA,NA,NA,NA,3,52-106,9,5,24,0,6,19,1991,79-24
NA,NA,NA,NA,NA,NA,NA,NA,NA,1,52-106,9,5,25,0,6,9,1992,79-24
NA,NA,NA,NA,NA,NA,NA,NA,NA,1,52-106,9,5,26,0,6,1,1993,79-24
NA,NA,NA,NA,NA,NA,NA,NA,NA,3,52-106,9,6,2,1,6,16,1969,79-24
NA,NA,NA,NA,NA,NA,NA,NA,NA,7,52-108,10,3,7,1,6,24,1974,79-25
NA,NA,NA,NA,NA,NA,NA,NA,NA,8,52-108,10,3,9,0,6,7,1976,79-25
NA,NA,NA,NA,NA,NA,NA,NA,NA,9,52-108,10,3,10,0,6,28,1977,79-25
NA,NA,NA,NA,NA,NA,NA,NA,NA,2,52-108,10,3,11,0,6,22,1978,79-25
NA,NA,NA,NA,NA,NA,NA,NA,NA,10,52-108,10,3,12,0,6,23,1979,79-25
NA,NA,NA,NA,NA,NA,NA,NA,NA,4,52-108,10,3,13,0,6,20,1980,79-25
NA,NA,NA,NA,NA,NA,NA,NA,NA,1,52-108,10,3,14,0,6,22,1981,79-25
NA,NA,NA,NA,NA,NA,NA,NA,NA,5,52-108,10,3,15,0,6,18,1982,79-25
NA,NA,NA,NA,NA,NA,NA,NA,NA,0,52-108,10,3,16,0,6,17,1983,79-25
NA,NA,NA,NA,NA,NA,NA,NA,NA,1,52-108,10,3,17,0,6,23,1984,79-25
NA,NA,NA,NA,NA,NA,NA,NA,NA,9,52-108,10,3,18,0,6,19,1985,79-25
NA,NA,NA,NA,NA,NA,NA,NA,NA,12,52-108,10,3,19,0,6,20,1986,79-25
NA,NA,NA,NA,NA,NA,NA,NA,NA,8,52-108,10,3,20,0,6,18,1987,79-25
NA,NA,NA,NA,NA,NA,NA,NA,NA,12,52-108,10,3,21,0,6,15,1988,79-25
NA,NA,NA,NA,NA,NA,NA,NA,NA,9,52-108,10,3,22,0,6,3,1989,79-25
NA,NA,NA,NA,NA,NA,NA,NA,NA,13,52-108,10,3,23,0,6,13,1990,79-25
NA,NA,NA,NA,NA,NA,NA,NA,NA,21,52-108,10,3,24,0,6,14,1991,79-25
NA,NA,NA,NA,NA,NA,NA,NA,NA,18,52-108,10,3,25,0,6,11,1992,79-25
NA,NA,NA,NA,NA,NA,NA,NA,NA,5,52-108,10,3,26,0,6,17,1993,79-25
NA,NA,NA,NA,NA,NA,NA,NA,NA,11,52-108,10,4,8,1,6,14,1975,79-25
NA,NA,NA,NA,NA,NA,NA,NA,NA,4,52-108,10,5,3,1,6,21,1970,79-26
NA,NA,NA,NA,NA,NA,NA,NA,NA,5,52-108,10,5,4,0,6,19,1971,79-26
NA,NA,NA,NA,NA,NA,NA,NA,NA,2,52-108,10,5,6,0,6,26,1973,79-26
NA,NA,NA,NA,NA,NA,NA,NA,NA,0,52-110,11,9,4,1,6,13,1971,79-27
NA,NA,NA,NA,NA,NA,NA,NA,NA,0,52-110,11,9,5,0,7,5,1972,79-27
NA,NA,NA,NA,NA,NA,NA,NA,NA,1,52-110,11,9,6,0,6,21,1973,79-27
NA,NA,NA,NA,NA,NA,NA,NA,NA,2,52-110,11,9,8,0,6,22,1975,79-27
NA,NA,NA,NA,NA,NA,NA,NA,NA,0,52-106,9,7,3,1,6,21,1970,79-31
NA,NA,NA,NA,NA,NA,NA,NA,NA,0,52-106,9,7,4,0,6,19,1971,79-31
NA,NA,NA,NA,NA,NA,NA,NA,NA,1,52-106,9,7,5,0,7,3,1972,79-31
NA,NA,NA,NA,NA,NA,NA,NA,NA,0,52-106,9,7,6,0,6,23,1973,79-31
NA,NA,NA,NA,NA,NA,NA,NA,NA,0,52-106,9,7,7,0,6,16,1974,79-31
NA,NA,NA,NA,NA,NA,NA,NA,NA,0,52-106,9,7,8,0,6,30,1975,79-31
NA,NA,NA,NA,NA,NA,NA,NA,NA,0,52-106,9,7,9,0,6,22,1976,79-31
NA,NA,NA,NA,NA,NA,NA,NA,NA,0,52-106,9,7,10,0,7,1,1977,79-31
NA,NA,NA,NA,NA,NA,NA,NA,NA,0,52-106,9,7,11,0,6,27,1978,79-31
NA,NA,NA,NA,NA,NA,NA,NA,NA,0,52-106,9,7,12,0,6,6,1979,79-31
NA,NA,NA,NA,NA,NA,NA,NA,NA,0,52-106,9,7,13,0,6,26,1980,79-31
NA,NA,NA,NA,NA,NA,NA,NA,NA,0,52-106,9,7,14,0,6,24,1981,79-31
NA,NA,NA,NA,NA,NA,NA,NA,NA,0,52-106,9,7,15,0,6,24,1982,79-31
NA,NA,NA,NA,NA,NA,NA,NA,NA,0,52-106,9,7,16,0,6,5,1983,79-31
NA,NA,NA,NA,NA,NA,NA,NA,NA,0,52-106,9,7,17,0,6,24,1984,79-31
NA,NA,NA,NA,NA,NA,NA,NA,NA,0,52-106,9,7,18,0,7,1,1985,79-31
NA,NA,NA,NA,NA,NA,NA,NA,NA,0,52-106,9,7,19,0,6,26,1986,79-31
NA,NA,NA,NA,NA,NA,NA,NA,NA,0,52-106,9,7,20,0,6,13,1987,79-31
NA,NA,NA,NA,NA,NA,NA,NA,NA,0,52-106,9,7,21,0,7,1,1988,79-31
NA,NA,NA,NA,NA,NA,NA,NA,NA,0,52-106,9,7,22,0,6,25,1989,79-31
NA,NA,NA,NA,NA,NA,NA,NA,NA,0,52-106,9,7,23,0,6,16,1990,79-31
NA,NA,NA,NA,NA,NA,NA,NA,NA,0,52-106,9,7,24,0,6,24,1991,79-31
NA,NA,NA,NA,NA,NA,NA,NA,NA,0,52-106,9,7,25,0,6,20,1992,79-31
NA,NA,NA,NA,NA,NA,NA,NA,NA,0,52-106,9,7,26,0,6,21,1993,79-31
NA,NA,NA,NA,NA,NA,NA,NA,NA,0,52-106,9,8,3,1,6,26,1970,79-32
NA,NA,NA,NA,NA,NA,NA,NA,NA,3,52-106,9,8,4,0,6,5,1971,79-32
NA,NA,NA,NA,NA,NA,NA,NA,NA,5,52-106,9,8,5,0,6,27,1972,79-32
NA,NA,NA,NA,NA,NA,NA,NA,NA,22,52-106,9,8,6,0,6,25,1973,79-32
NA,NA,NA,NA,NA,NA,NA,NA,NA,14,52-106,9,8,7,0,6,23,1974,79-32
NA,NA,NA,NA,NA,NA,NA,NA,NA,5,52-106,9,8,8,0,6,19,1975,79-32
NA,NA,NA,NA,NA,NA,NA,NA,NA,0,52-106,9,8,9,0,6,17,1976,79-32
NA,NA,NA,NA,NA,NA,NA,NA,NA,11,52-106,9,8,10,0,6,25,1977,79-32
NA,NA,NA,NA,NA,NA,NA,NA,NA,1,52-106,9,8,11,0,6,17,1978,79-32
NA,NA,NA,NA,NA,NA,NA,NA,NA,0,52-106,9,8,15,0,6,21,1982,79-32
NA,NA,NA,NA,NA,NA,NA,NA,NA,0,52-106,9,8,16,0,6,16,1983,79-32
NA,NA,NA,NA,NA,NA,NA,NA,NA,0,52-106,9,8,17,0,6,18,1984,79-32
NA,NA,NA,NA,NA,NA,NA,NA,NA,2,52-106,9,8,18,0,6,14,1985,79-32
NA,NA,NA,NA,NA,NA,NA,NA,NA,7,52-106,9,8,20,0,6,16,1987,79-32
NA,NA,NA,NA,NA,NA,NA,NA,NA,0,52-106,9,8,22,0,6,13,1989,79-32
NA,NA,NA,NA,NA,NA,NA,NA,NA,1,52-106,9,8,23,0,6,15,1990,79-32
NA,NA,NA,NA,NA,NA,NA,NA,NA,0,52-106,9,8,24,0,6,13,1991,79-32
NA,NA,NA,NA,NA,NA,NA,NA,NA,1,52-106,9,8,25,0,6,11,1992,79-32
NA,NA,NA,NA,NA,NA,NA,NA,NA,0,52-106,9,8,26,0,6,16,1993,79-32
NA,NA,NA,NA,NA,NA,NA,NA,NA,1,52-106,9,9,12,1,6,20,1979,79-32
NA,NA,NA,NA,NA,NA,NA,NA,NA,5,52-106,9,9,13,0,6,11,1980,79-32
NA,NA,NA,NA,NA,NA,NA,NA,NA,0,52-106,9,9,14,0,6,9,1981,79-32
NA,NA,NA,NA,NA,NA,NA,NA,NA,0,52-106,9,9,19,0,6,17,1986,79-32
NA,NA,NA,NA,NA,NA,NA,NA,NA,3,52-108,10,6,5,1,6,17,1972,79-33
NA,NA,NA,NA,NA,NA,NA,NA,NA,1,52-108,10,6,6,0,6,23,1973,79-33
NA,NA,NA,NA,NA,NA,NA,NA,NA,0,52-108,10,6,7,0,6,15,1974,79-33
NA,NA,NA,NA,NA,NA,NA,NA,NA,0,52-108,10,6,8,0,6,18,1975,79-33
NA,NA,NA,NA,NA,NA,NA,NA,NA,1,52-108,10,6,9,0,6,25,1976,79-33
NA,NA,NA,NA,NA,NA,NA,NA,NA,0,52-108,10,6,10,0,6,11,1977,79-33
NA,NA,NA,NA,NA,NA,NA,NA,NA,0,52-108,10,6,12,0,6,9,1979,79-33
NA,NA,NA,NA,NA,NA,NA,NA,NA,1,52-108,10,6,13,0,6,11,1980,79-33
NA,NA,NA,NA,NA,NA,NA,NA,NA,0,52-108,10,6,14,0,6,27,1981,79-33
NA,NA,NA,NA,NA,NA,NA,NA,NA,0,52-108,10,6,15,0,6,20,1982,79-33
NA,NA,NA,NA,NA,NA,NA,NA,NA,0,52-108,10,6,16,0,6,17,1983,79-33
NA,NA,NA,NA,NA,NA,NA,NA,NA,0,52-108,10,6,17,0,6,14,1984,79-33
NA,NA,NA,NA,NA,NA,NA,NA,NA,1,52-108,10,7,18,1,6,27,1985,79-33
NA,NA,NA,NA,NA,NA,NA,NA,NA,0,52-108,10,7,19,0,6,17,1986,79-33
NA,NA,NA,NA,NA,NA,NA,NA,NA,5,52-108,10,7,20,0,6,16,1987,79-33
NA,NA,NA,NA,NA,NA,NA,NA,NA,1,52-108,10,7,21,0,6,5,1988,79-33
NA,NA,NA,NA,NA,NA,NA,NA,NA,5,52-108,10,7,22,0,6,6,1989,79-33
NA,NA,NA,NA,NA,NA,NA,NA,NA,0,52-108,10,7,23,0,6,4,1990,79-33
NA,NA,NA,NA,NA,NA,NA,NA,NA,0,52-108,10,7,24,0,6,18,1991,79-33
NA,NA,NA,NA,NA,NA,NA,NA,NA,2,52-108,10,7,25,0,6,16,1992,79-33
NA,NA,NA,NA,NA,NA,NA,NA,NA,0,52-108,10,7,26,0,6,21,1993,79-33
NA,NA,NA,NA,NA,NA,NA,NA,NA,0,52-108,10,8,16,1,6,17,1983,79-34
NA,NA,NA,NA,NA,NA,NA,NA,NA,3,52-108,10,8,18,0,6,21,1985,79-34
NA,NA,NA,NA,NA,NA,NA,NA,NA,2,52-108,10,8,19,0,6,19,1986,79-34
NA,NA,NA,NA,NA,NA,NA,NA,NA,6,52-108,10,8,20,0,6,18,1987,79-34
NA,NA,NA,NA,NA,NA,NA,NA,NA,1,52-108,10,8,21,0,6,21,1988,79-34
NA,NA,NA,NA,NA,NA,NA,NA,NA,4,52-108,10,8,22,0,6,20,1989,79-34
NA,NA,NA,NA,NA,NA,NA,NA,NA,0,52-108,10,8,23,0,6,27,1990,79-34
NA,NA,NA,NA,NA,NA,NA,NA,NA,0,52-108,10,9,12,1,6,8,1979,79-34
NA,NA,NA,NA,NA,NA,NA,NA,NA,2,46-100,1,15,10,1,6,17,1977,81-23
NA,NA,NA,NA,NA,NA,NA,NA,NA,2,46-100,1,15,11,0,6,23,1978,81-23
NA,NA,NA,NA,NA,NA,NA,NA,NA,2,46-100,1,15,12,0,6,14,1979,81-23
NA,NA,NA,NA,NA,NA,NA,NA,NA,0,46-100,1,16,13,1,6,17,1980,81-23
NA,NA,NA,NA,NA,NA,NA,NA,NA,0,46-100,1,16,14,0,6,23,1981,81-23
NA,NA,NA,NA,NA,NA,NA,NA,NA,0,46-100,1,16,15,0,6,22,1982,81-23
NA,NA,NA,NA,NA,NA,NA,NA,NA,0,46-100,1,16,16,0,6,28,1983,81-23
NA,NA,NA,NA,NA,NA,NA,NA,NA,1,46-100,1,17,2,1,7,5,1969,81-23
NA,NA,NA,NA,NA,NA,NA,NA,NA,0,46-100,1,18,3,1,7,2,1970,81-23
NA,NA,NA,NA,NA,NA,NA,NA,NA,0,46-100,1,18,4,0,6,18,1971,81-23
NA,NA,NA,NA,NA,NA,NA,NA,NA,0,46-100,1,19,17,1,6,19,1984,81-23
NA,NA,NA,NA,NA,NA,NA,NA,NA,1,46-100,1,19,18,0,6,27,1985,81-23
NA,NA,NA,NA,NA,NA,NA,NA,NA,1,46-100,1,19,19,0,6,13,1986,81-23
NA,NA,NA,NA,NA,NA,NA,NA,NA,1,46-100,1,19,20,0,6,17,1987,81-23
NA,NA,NA,NA,NA,NA,NA,NA,NA,0,46-100,1,20,5,1,6,25,1972,81-23
NA,NA,NA,NA,NA,NA,NA,NA,NA,0,46-100,1,21,10,1,6,24,1977,81-24
NA,NA,NA,NA,NA,NA,NA,NA,NA,0,46-100,1,21,11,0,6,27,1978,81-24
NA,NA,NA,NA,NA,NA,NA,NA,NA,0,46-100,1,22,23,1,6,27,1990,81-24
NA,NA,NA,NA,NA,NA,NA,NA,NA,0,46-100,1,23,4,1,7,4,1971,81-24
NA,NA,NA,NA,NA,NA,NA,NA,NA,6,46-100,1,23,5,0,7,3,1972,81-24
NA,NA,NA,NA,NA,NA,NA,NA,NA,0,46-100,1,23,6,0,7,3,1973,81-24
NA,NA,NA,NA,NA,NA,NA,NA,NA,3,46-100,1,23,7,0,6,22,1974,81-24
NA,NA,NA,NA,NA,NA,NA,NA,NA,0,46-100,1,23,8,0,7,2,1975,81-24
NA,NA,NA,NA,NA,NA,NA,NA,NA,0,46-104,2,10,1,1,6,9,1968,81-31
NA,NA,NA,NA,NA,NA,NA,NA,NA,0,46-104,2,10,2,0,6,20,1969,81-31
NA,NA,NA,NA,NA,NA,NA,NA,NA,0,46-104,2,10,3,0,6,8,1970,81-31
NA,NA,NA,NA,NA,NA,NA,NA,NA,1,46-104,2,10,4,0,6,27,1971,81-31
NA,NA,NA,NA,NA,NA,NA,NA,NA,5,46-104,2,10,6,0,6,27,1973,81-31
NA,NA,NA,NA,NA,NA,NA,NA,NA,0,46-104,2,11,7,1,6,23,1974,81-31
NA,NA,NA,NA,NA,NA,NA,NA,NA,0,46-104,2,11,8,0,6,4,1975,81-31
NA,NA,NA,NA,NA,NA,NA,NA,NA,0,46-104,2,11,9,0,6,22,1976,81-31
NA,NA,NA,NA,NA,NA,NA,NA,NA,0,46-104,2,11,10,0,6,23,1977,81-31
NA,NA,NA,NA,NA,NA,NA,NA,NA,0,46-104,2,11,11,0,6,20,1978,81-31
NA,NA,NA,NA,NA,NA,NA,NA,NA,0,46-104,2,11,12,0,6,27,1979,81-31
NA,NA,NA,NA,NA,NA,NA,NA,NA,0,46-104,2,11,13,0,6,24,1980,81-31
NA,NA,NA,NA,NA,NA,NA,NA,NA,0,46-104,2,11,14,0,6,30,1981,81-31
NA,NA,NA,NA,NA,NA,NA,NA,NA,0,46-104,2,11,15,0,6,22,1982,81-31
NA,NA,NA,NA,NA,NA,NA,NA,NA,0,46-104,2,11,16,0,6,23,1983,81-31
NA,NA,NA,NA,NA,NA,NA,NA,NA,0,46-104,2,11,17,0,6,27,1984,81-31
NA,NA,NA,NA,NA,NA,NA,NA,NA,0,46-104,2,11,18,0,6,29,1985,81-31
NA,NA,NA,NA,NA,NA,NA,NA,NA,0,46-104,2,11,19,0,6,24,1986,81-31
NA,NA,NA,NA,NA,NA,NA,NA,NA,0,46-104,2,11,20,0,6,27,1987,81-31
NA,NA,NA,NA,NA,NA,NA,NA,NA,0,46-104,2,11,21,0,6,18,1988,81-31
NA,NA,NA,NA,NA,NA,NA,NA,NA,0,46-104,2,11,22,0,6,27,1989,81-31
NA,NA,NA,NA,NA,NA,NA,NA,NA,0,46-104,2,11,23,0,6,21,1990,81-31
NA,NA,NA,NA,NA,NA,NA,NA,NA,0,46-104,2,11,24,0,6,26,1991,81-31
NA,NA,NA,NA,NA,NA,NA,NA,NA,0,46-104,2,11,25,0,6,25,1992,81-31
NA,NA,NA,NA,NA,NA,NA,NA,NA,0,46-104,2,11,26,0,6,28,1993,81-31
NA,NA,NA,NA,NA,NA,NA,NA,NA,0,46-104,2,12,12,1,7,4,1979,81-36
NA,NA,NA,NA,NA,NA,NA,NA,NA,0,46-104,2,13,20,1,6,14,1987,81-36
NA,NA,NA,NA,NA,NA,NA,NA,NA,0,46-104,2,13,21,0,6,12,1988,81-36
NA,NA,NA,NA,NA,NA,NA,NA,NA,1,46-104,2,13,23,0,6,23,1990,81-36
NA,NA,NA,NA,NA,NA,NA,NA,NA,0,46-104,2,13,24,0,6,9,1991,81-36
NA,NA,NA,NA,NA,NA,NA,NA,NA,0,46-104,2,13,25,0,6,27,1992,81-36
NA,NA,NA,NA,NA,NA,NA,NA,NA,1,46-104,2,13,26,0,6,12,1993,81-36
NA,NA,NA,NA,NA,NA,NA,NA,NA,0,46-104,2,14,18,1,6,28,1985,81-36
