"","state2","variable","value"
"1","AZ","AZ",0
"2","AR","AZ",1762
"3","CA","AZ",790
"4","CT","AZ",3486
"5","FL","AZ",2831
"6","GA","AZ",2621
"7","ID","AZ",1150
"8","IL","AZ",2089
"9","IA","AZ",1805
"10","KS","AZ",1278
"11","LA","AZ",1878
"12","MD","AZ",3144
"13","MN","AZ",1982
"14","MS","AZ",2047
"15","MO","AZ",1777
"16","NE","AZ",1314
"17","NV","AZ",717
"18","NJ","AZ",3323
"19","NY","AZ",3264
"20","ND","AZ",1735
"21","OH","AZ",2633
"22","PA","AZ",3059
"23","SC","AZ",2829
"24","SD","AZ",1493
"25","TX","AZ",1193
"26","UT","AZ",558
"27","VA","AZ",2966
"28","WY","AZ",1030
"29","PR","AZ",4806
"30","OR","AZ",1316
"31","WV","AZ",2811
"32","AL","AZ",2307
"33","AK","AZ",4345
"34","CO","AZ",756
"35","DE","AZ",3254
"36","DC","AZ",3123
"37","HI","AZ",4608
"38","IN","AZ",2332
"39","KY","AZ",2400
"40","ME","AZ",3785
"41","MA","AZ",3562
"42","MI","AZ",2544
"43","MT","AZ",1425
"44","NH","AZ",3587
"45","NM","AZ",511
"46","NC","AZ",2942
"47","OK","AZ",1300
"48","VI","AZ",4989
"49","RI","AZ",3581
"50","TN","AZ",2310
"51","VT","AZ",3503
"52","WA","AZ",1628
"53","WI","AZ",2178
"54","AS","AZ",8238
"55","GU","AZ",10388
"56","MP","AZ",10188
"57","AZ","AR",1762
"58","AR","AR",0
"59","CA","AR",2453
"60","CT","AR",1874
"61","FL","AR",1168
"62","GA","AR",869
"63","ID","AR",2169
"64","IL","AR",641
"65","IA","AR",802
"66","KS","AR",663
"67","LA","AR",429
"68","MD","AR",1467
"69","MN","AR",1278
"70","MS","AR",350
"71","MO","AR",385
"72","NE","AR",978
"73","NV","AR",2201
"74","NJ","AR",1673
"75","NY","AR",1714
"76","ND","AR",1546
"77","OH","AR",1040
"78","PA","AR",1446
"79","SC","AR",1066
"80","SD","AR",1251
"81","TX","AR",747
"82","UT","AR",1775
"83","VA","AR",1252
"84","WY","AR",1585
"85","PR","AR",3162
"86","OR","AR",2605
"87","WV","AR",1133
"88","AL","AR",570
"89","AK","AR",5152
"90","CO","AR",1252
"91","DE","AR",1573
"92","DC","AR",1442
"93","HI","AR",6369
"94","IN","AR",779
"95","KY","AR",706
"96","ME","AR",2282
"97","MA","AR",1967
"98","MI","AR",1167
"99","MT","AR",1970
"100","NH","AR",2039
"101","NM","AR",1253
"102","NC","AR",1192
"103","OK","AR",468
"104","VI","AR",3335
"105","RI","AR",1967
"106","TN","AR",564
"107","VT","AR",1975
"108","WA","AR",2706
"109","WI","AR",1100
"110","AS","AR",9874
"111","GU","AR",11958
"112","MP","AR",11748
"113","AZ","CA",790
"114","AR","CA",2453
"115","CA","CA",0
"116","CT","CA",4016
"117","FL","CA",3574
"118","GA","CA",3322
"119","ID","CA",895
"120","IL","CA",2652
"121","IA","CA",2294
"122","KS","CA",1869
"123","LA","CA",2629
"124","MD","CA",3726
"125","MN","CA",2318
"126","MS","CA",2767
"127","MO","CA",2384
"128","NE","CA",1766
"129","NV","CA",348
"130","NJ","CA",3881
"131","NY","CA",3770
"132","ND","CA",1933
"133","OH","CA",3194
"134","PA","CA",3607
"135","SC","CA",3504
"136","SD","CA",1812
"137","TX","CA",1966
"138","UT","CA",731
"139","VA","CA",3578
"140","WY","CA",1208
"141","PR","CA",5565
"142","OR","CA",746
"143","WV","CA",3405
"144","AL","CA",3017
"145","AK","CA",3734
"146","CO","CA",1247
"147","DE","CA",3835
"148","DC","CA",3708
"149","HI","CA",3991
"150","IN","CA",2903
"151","KY","CA",3023
"152","ME","CA",4243
"153","MA","CA",4079
"154","MI","CA",3027
"155","MT","CA",1361
"156","NH","CA",4077
"157","NM","CA",1259
"158","NC","CA",3588
"159","OK","CA",1986
"160","VI","CA",5746
"161","RI","CA",4108
"162","TN","CA",2967
"163","VT","CA",3986
"164","WA","CA",1126
"165","WI","CA",2607
"166","AS","CA",7818
"167","GU","CA",9606
"168","MP","CA",9405
"169","AZ","CT",3486
"170","AR","CT",1874
"171","CA","CT",4016
"172","CT","CT",0
"173","FL","CT",1690
"174","GA","CT",1376
"175","ID","CT",3395
"176","IL","CT",1398
"177","IA","CT",1722
"178","KS","CT",2208
"179","LA","CT",2081
"180","MD","CT",448
"181","MN","CT",1802
"182","MS","CT",1792
"183","MO","CT",1721
"184","NE","CT",2250
"185","NV","CT",3693
"186","NJ","CT",228
"187","NY","CT",272
"188","ND","CT",2284
"189","OH","CT",859
"190","PA","CT",433
"191","SC","CT",1117
"192","SD","CT",2253
"193","TX","CT",2621
"194","UT","CT",3285
"195","VA","CT",698
"196","WY","CT",2855
"197","PR","CT",2661
"198","OR","CT",3867
"199","WV","CT",749
"200","AL","CT",1586
"201","AK","CT",5467
"202","CO","CT",2788
"203","DE","CT",375
"204","DC","CT",473
"205","HI","CT",8004
"206","IN","CT",1158
"207","KY","CT",1170
"208","ME","CT",503
"209","MA","CT",104
"210","MI","CT",998
"211","MT","CT",2977
"212","NH","CT",248
"213","NM","CT",3017
"214","NC","CT",888
"215","OK","CT",2251
"216","VI","CT",2755
"217","RI","CT",95
"218","TN","CT",1344
"219","VT","CT",273
"220","WA","CT",3787
"221","WI","CT",1443
"222","AS","CT",11712
"223","GU","CT",12802
"224","MP","CT",12582
"225","AZ","FL",2831
"226","AR","FL",1168
"227","CA","FL",3574
"228","CT","FL",1690
"229","FL","FL",0
"230","GA","FL",453
"231","ID","FL",3336
"232","IL","FL",1407
"233","IA","FL",1790
"234","KS","FL",1830
"235","LA","FL",953
"236","MD","FL",1268
"237","MN","FL",2216
"238","MS","FL",823
"239","MO","FL",1420
"240","NE","FL",2121
"241","NV","FL",3347
"242","NJ","FL",1467
"243","NY","FL",1706
"244","ND","FL",2602
"245","OH","FL",1292
"246","PA","FL",1423
"247","SC","FL",603
"248","SD","FL",2354
"249","TX","FL",1653
"250","UT","FL",2927
"251","VA","FL",1040
"252","WY","FL",2750
"253","PR","FL",2000
"254","OR","FL",3772
"255","WV","FL",1122
"256","AL","FL",618
"257","AK","FL",6224
"258","CO","FL",2413
"259","DE","FL",1317
"260","DC","FL",1246
"261","HI","FL",7381
"262","IN","FL",1296
"263","KY","FL",1018
"264","ME","FL",2193
"265","MA","FL",1792
"266","MI","FL",1657
"267","MT","FL",3113
"268","NH","FL",1933
"269","NM","FL",2325
"270","NC","FL",820
"271","OK","FL",1609
"272","VI","FL",2177
"273","RI","FL",1753
"274","TN","FL",876
"275","VT","FL",1923
"276","WA","FL",3870
"277","WI","FL",1895
"278","AS","FL",10593
"279","GU","FL",13124
"280","MP","FL",12915
"281","AZ","GA",2621
"282","AR","GA",869
"283","CA","GA",3322
"284","CT","GA",1376
"285","FL","GA",453
"286","GA","GA",0
"287","ID","GA",2993
"288","IL","GA",971
"289","IA","GA",1372
"290","KS","GA",1498
"291","LA","GA",826
"292","MD","GA",930
"293","MN","GA",1778
"294","MS","GA",583
"295","MO","GA",1035
"296","NE","GA",1752
"297","NV","GA",3067
"298","NJ","GA",1148
"299","NY","GA",1338
"300","ND","GA",2183
"301","OH","GA",850
"302","PA","GA",1042
"303","SC","GA",276
"304","SD","GA",1956
"305","TX","GA",1506
"306","UT","GA",2639
"307","VA","GA",681
"308","WY","GA",2401
"309","PR","GA",2332
"310","OR","GA",3445
"311","WV","GA",713
"312","AL","GA",317
"313","AK","GA",5795
"314","CO","GA",2111
"315","DE","GA",1005
"316","DC","GA",905
"317","HI","GA",7221
"318","IN","GA",845
"319","KY","GA",567
"320","ME","GA",1868
"321","MA","GA",1480
"322","MI","GA",1207
"323","MT","GA",2731
"324","NH","GA",1604
"325","NM","GA",2110
"326","NC","GA",495
"327","OK","GA",1336
"328","VI","GA",2497
"329","RI","GA",1452
"330","TN","GA",444
"331","VT","GA",1577
"332","WA","GA",3511
"333","WI","GA",1447
"334","AS","GA",10608
"335","GU","GA",12787
"336","MP","GA",12575
"337","AZ","ID",1150
"338","AR","ID",2169
"339","CA","ID",895
"340","CT","ID",3395
"341","FL","ID",3336
"342","GA","ID",2993
"343","ID","ID",0
"344","IL","ID",2147
"345","IA","ID",1733
"346","KS","ID",1507
"347","LA","ID",2474
"348","MD","ID",3179
"349","MN","ID",1604
"350","MS","ID",2517
"351","MO","ID",1965
"352","NE","ID",1251
"353","NV","ID",583
"354","NJ","ID",3299
"355","NY","ID",3132
"356","ND","ID",1150
"357","OH","ID",2648
"358","PA","ID",3023
"359","SC","ID",3115
"360","SD","ID",1148
"361","TX","ID",1959
"362","UT","ID",615
"363","VA","ID",3081
"364","WY","ID",593
"365","PR","ID",5321
"366","OR","ID",474
"367","WV","ID",2891
"368","AL","ID",2726
"369","AK","ID",3244
"370","CO","ID",965
"371","DE","ID",3282
"372","DC","ID",3166
"373","HI","ID",4666
"374","IN","ID",2386
"375","KY","ID",2572
"376","ME","ID",3543
"377","MA","ID",3442
"378","MI","ID",2400
"379","MT","ID",489
"380","NH","ID",3414
"381","NM","ID",1328
"382","NC","ID",3144
"383","OK","ID",1756
"384","VI","ID",5490
"385","RI","ID",3482
"386","TN","ID",2578
"387","VT","ID",3318
"388","WA","ID",557
"389","WI","ID",1952
"390","AS","ID",8619
"391","GU","ID",9796
"392","MP","ID",9584
"393","AZ","IL",2089
"394","AR","IL",641
"395","CA","IL",2652
"396","CT","IL",1398
"397","FL","IL",1407
"398","GA","IL",971
"399","ID","IL",2147
"400","IL","IL",0
"401","IA","IL",425
"402","KS","IL",811
"403","LA","IL",1031
"404","MD","IL",1074
"405","MN","IL",809
"406","MS","IL",813
"407","MO","IL",340
"408","NE","IL",910
"409","NV","IL",2346
"410","NJ","IL",1238
"411","NY","IL",1186
"412","ND","IL",1221
"413","OH","IL",546
"414","PA","IL",970
"415","SC","IL",1006
"416","SD","IL",1031
"417","TX","IL",1321
"418","UT","IL",1925
"419","VA","IL",939
"420","WY","IL",1563
"421","PR","IL",3259
"422","OR","IL",2617
"423","WV","IL",756
"424","AL","IL",835
"425","AK","IL",4824
"426","CO","IL",1409
"427","DE","IL",1183
"428","DC","IL",1055
"429","HI","IL",6640
"430","IN","IL",250
"431","KY","IL",441
"432","ME","IL",1733
"433","MA","IL",1476
"434","MI","IL",537
"435","MT","IL",1817
"436","NH","IL",1514
"437","NM","IL",1622
"438","NC","IL",1000
"439","OK","IL",884
"440","VI","IL",3413
"441","RI","IL",1493
"442","TN","IL",531
"443","VT","IL",1436
"444","WA","IL",2624
"445","WI","IL",512
"446","AS","IL",10317
"447","GU","IL",11886
"448","MP","IL",11670
"449","AZ","IA",1805
"450","AR","IA",802
"451","CA","IA",2294
"452","CT","IA",1722
"453","FL","IA",1790
"454","GA","IA",1372
"455","ID","IA",1733
"456","IL","IA",425
"457","IA","IA",0
"458","KS","IA",575
"459","LA","IA",1230
"460","MD","IA",1454
"461","MN","IA",476
"462","MS","IA",1089
"463","MO","IA",421
"464","NE","IA",528
"465","NV","IA",1973
"466","NJ","IA",1593
"467","NY","IA",1479
"468","ND","IA",812
"469","OH","IA",919
"470","PA","IA",1316
"471","SC","IA",1428
"472","SD","IA",606
"473","TX","IA",1285
"474","UT","IA",1563
"475","VA","IA",1348
"476","WY","IA",1158
"477","PR","IA",3679
"478","OR","IA",2206
"479","WV","IA",1158
"480","AL","IA",1187
"481","AK","IA",4435
"482","CO","IA",1075
"483","DE","IA",1560
"484","DC","IA",1439
"485","HI","IA",6283
"486","IN","IA",654
"487","KY","IA",865
"488","ME","IA",1982
"489","MA","IA",1786
"490","MI","IA",743
"491","MT","IA",1393
"492","NH","IA",1795
"493","NM","IA",1390
"494","NC","IA",1423
"495","OK","IA",800
"496","VI","IA",3835
"497","RI","IA",1814
"498","TN","IA",928
"499","VT","IA",1707
"500","WA","IA",2201
"501","WI","IA",401
"502","AS","IA",10040
"503","GU","IA",11461
"504","MP","IA",11246
"505","AZ","KS",1278
"506","AR","KS",663
"507","CA","KS",1869
"508","CT","KS",2208
"509","FL","KS",1830
"510","GA","KS",1498
"511","ID","KS",1507
"512","IL","KS",811
"513","IA","KS",575
"514","KS","KS",0
"515","LA","KS",1011
"516","MD","KS",1875
"517","MN","KS",932
"518","MS","KS",1013
"519","MO","KS",516
"520","NE","KS",359
"521","NV","KS",1585
"522","NJ","KS",2048
"523","NY","KS",1988
"524","ND","KS",1010
"525","OH","KS",1356
"526","PA","KS",1781
"527","SC","KS",1649
"528","SD","KS",679
"529","TX","KS",782
"530","UT","KS",1156
"531","VA","KS",1713
"532","WY","KS",922
"533","PR","KS",3818
"534","OR","KS",1949
"535","WV","KS",1546
"536","AL","KS",1221
"537","AK","KS",4534
"538","CO","KS",626
"539","DE","KS",1985
"540","DC","KS",1855
"541","HI","KS",5844
"542","IN","KS",1057
"543","KY","KS",1154
"544","ME","KS",2520
"545","MA","KS",2284
"546","MI","KS",1282
"547","MT","KS",1321
"548","NH","KS",2314
"549","NM","KS",826
"550","NC","KS",1720
"551","OK","KS",331
"552","VI","KS",3988
"553","RI","KS",2303
"554","TN","KS",1108
"555","VT","KS",2232
"556","WA","KS",2043
"557","WI","KS",976
"558","AS","KS",9511
"559","GU","KS",11300
"560","MP","KS",11089
"561","AZ","LA",1878
"562","AR","LA",429
"563","CA","LA",2629
"564","CT","LA",2081
"565","FL","LA",953
"566","GA","LA",826
"567","ID","LA",2474
"568","IL","LA",1031
"569","IA","LA",1230
"570","KS","LA",1011
"571","LA","LA",0
"572","MD","LA",1643
"573","MN","LA",1706
"574","MS","LA",289
"575","MO","LA",813
"576","NE","LA",1357
"577","NV","LA",2419
"578","NJ","LA",1862
"579","NY","LA",1966
"580","ND","LA",1959
"581","OH","LA",1318
"582","PA","LA",1676
"583","SC","LA",1088
"584","SD","LA",1652
"585","TX","LA",703
"586","UT","LA",2009
"587","VA","LA",1401
"588","WY","LA",1912
"589","PR","LA",2936
"590","OR","LA",2882
"591","WV","LA",1336
"592","AL","LA",524
"593","AK","LA",5541
"594","CO","LA",1517
"595","DE","LA",1739
"596","DC","LA",1617
"597","HI","LA",6439
"598","IN","LA",1110
"599","KY","LA",945
"600","ME","LA",2533
"601","MA","LA",2181
"602","MI","LA",1524
"603","MT","LA",2331
"604","NH","LA",2276
"605","NM","LA",1375
"606","NC","LA",1275
"607","OK","LA",719
"608","VI","LA",3117
"609","RI","LA",2169
"610","TN","LA",746
"611","VT","LA",2226
"612","WA","LA",3025
"613","WI","LA",1517
"614","AS","LA",9783
"615","GU","LA",12213
"616","MP","LA",12007
"617","AZ","MD",3144
"618","AR","MD",1467
"619","CA","MD",3726
"620","CT","MD",448
"621","FL","MD",1268
"622","GA","MD",930
"623","ID","MD",3179
"624","IL","MD",1074
"625","IA","MD",1454
"626","KS","MD",1875
"627","LA","MD",1643
"628","MD","MD",0
"629","MN","MD",1644
"630","MS","MD",1355
"631","MO","MD",1367
"632","NE","MD",1973
"633","NV","MD",3417
"634","NJ","MD",221
"635","NY","MD",447
"636","ND","MD",2128
"637","OH","MD",535
"638","PA","MD",222
"639","SC","MD",678
"640","SD","MD",2034
"641","TX","MD",2211
"642","UT","MD",2998
"643","VA","MD",250
"644","WY","MD",2611
"645","PR","MD",2512
"646","OR","MD",3654
"647","WV","MD",337
"648","AL","MD",1141
"649","AK","MD",5515
"650","CO","MD",2482
"651","DE","MD",110
"652","DC","MD",26
"653","HI","MD",7714
"654","IN","MD",823
"655","KY","MD",764
"656","ME","MD",939
"657","MA","MD",551
"658","MI","MD",822
"659","MT","MD",2799
"660","NH","MD",675
"661","NM","MD",2658
"662","NC","MD",451
"663","OK","MD",1874
"664","VI","MD",2632
"665","RI","MD",530
"666","TN","MD",918
"667","VT","MD",656
"668","WA","MD",3616
"669","WI","MD",1261
"670","AS","MD",11336
"671","GU","MD",12779
"672","MP","MD",12560
"673","AZ","MN",1982
"674","AR","MN",1278
"675","CA","MN",2318
"676","CT","MN",1802
"677","FL","MN",2216
"678","GA","MN",1778
"679","ID","MN",1604
"680","IL","MN",809
"681","IA","MN",476
"682","KS","MN",932
"683","LA","MN",1706
"684","MD","MN",1644
"685","MN","MN",0
"686","MS","MN",1557
"687","MO","MN",896
"688","NE","MN",691
"689","NV","MN",1975
"690","NJ","MN",1729
"691","NY","MN",1534
"692","ND","MN",486
"693","OH","MN",1148
"694","PA","MN",1460
"695","SC","MN",1785
"696","SD","MN",509
"697","TX","MN",1703
"698","UT","MN",1614
"699","VA","MN",1606
"700","WY","MN",1111
"701","PR","MN",4029
"702","OR","MN",2072
"703","WV","MN",1409
"704","AL","MN",1632
"705","AK","MN",4019
"706","CO","MN",1227
"707","DE","MN",1738
"708","DC","MN",1635
"709","HI","MN",6258
"710","IN","MN",966
"711","KY","MN",1228
"712","ME","MN",1943
"713","MA","MN",1843
"714","MI","MN",827
"715","MT","MN",1174
"716","NH","MN",1809
"717","NM","MN",1654
"718","NC","MN",1731
"719","OK","MN",1222
"720","VI","MN",4175
"721","RI","MN",1886
"722","TN","MN",1340
"723","VT","MN",1714
"724","WA","MN",1987
"725","WI","MN",384
"726","AS","MN",10133
"727","GU","MN",11156
"728","MP","MN",10938
"729","AZ","MS",2047
"730","AR","MS",350
"731","CA","MS",2767
"732","CT","MS",1792
"733","FL","MS",823
"734","GA","MS",583
"735","ID","MS",2517
"736","IL","MS",813
"737","IA","MS",1089
"738","KS","MS",1013
"739","LA","MS",289
"740","MD","MS",1355
"741","MN","MS",1557
"742","MS","MS",0
"743","MO","MS",673
"744","NE","MS",1325
"745","NV","MS",2529
"746","NJ","MS",1574
"747","NY","MS",1679
"748","ND","MS",1870
"749","OH","MS",1038
"750","PA","MS",1388
"751","SC","MS",826
"752","SD","MS",1588
"753","TX","MS",924
"754","UT","MS",2107
"755","VA","MS",1115
"756","WY","MS",1935
"757","PR","MS",2822
"758","OR","MS",2949
"759","WV","MS",1047
"760","AL","MS",266
"761","AK","MS",5488
"762","CO","MS",1590
"763","DE","MS",1452
"764","DC","MS",1329
"765","HI","MS",6641
"766","IN","MS",850
"767","KY","MS",663
"768","ME","MS",2245
"769","MA","MS",1892
"770","MI","MS",1270
"771","MT","MS",2319
"772","NH","MS",1988
"773","NM","MS",1536
"774","NC","MS",999
"775","OK","MS",788
"776","VI","MS",2997
"777","RI","MS",1881
"778","TN","MS",459
"779","VT","MS",1939
"780","WA","MS",3056
"781","WI","MS",1320
"782","AS","MS",10047
"783","GU","MS",12302
"784","MP","MS",12093
"785","AZ","MO",1777
"786","AR","MO",385
"787","CA","MO",2384
"788","CT","MO",1721
"789","FL","MO",1420
"790","GA","MO",1035
"791","ID","MO",1965
"792","IL","MO",340
"793","IA","MO",421
"794","KS","MO",516
"795","LA","MO",813
"796","MD","MO",1367
"797","MN","MO",896
"798","MS","MO",673
"799","MO","MO",0
"800","NE","MO",718
"801","NV","MO",2095
"802","NJ","MO",1548
"803","NY","MO",1519
"804","ND","MO",1200
"805","OH","MO",862
"806","PA","MO",1289
"807","SC","MO",1153
"808","SD","MO",934
"809","TX","MO",988
"810","UT","MO",1667
"811","VA","MO",1198
"812","WY","MO",1372
"813","PR","MO",3367
"814","OR","MO",2424
"815","WV","MO",1035
"816","AL","MO",803
"817","AK","MO",4824
"818","CO","MO",1138
"819","DE","MO",1477
"820","DC","MO",1346
"821","HI","MO",6359
"822","IN","MO",563
"823","KY","MO",639
"824","ME","MO",2072
"825","MA","MO",1803
"826","MI","MO",871
"827","MT","MO",1699
"828","NH","MO",1848
"829","NM","MO",1297
"830","NC","MO",1208
"831","OK","MO",544
"832","VI","MO",3531
"833","RI","MO",1816
"834","TN","MO",613
"835","VT","MO",1773
"836","WA","MO",2476
"837","WI","MO",726
"838","AS","MO",9991
"839","GU","MO",11753
"840","MP","MO",11540
"841","AZ","NE",1314
"842","AR","NE",978
"843","CA","NE",1766
"844","CT","NE",2250
"845","FL","NE",2121
"846","GA","NE",1752
"847","ID","NE",1251
"848","IL","NE",910
"849","IA","NE",528
"850","KS","NE",359
"851","LA","NE",1357
"852","MD","NE",1973
"853","MN","NE",691
"854","MS","NE",1325
"855","MO","NE",718
"856","NE","NE",0
"857","NV","NE",1447
"858","NJ","NE",2118
"859","NY","NE",2005
"860","ND","NE",660
"861","OH","NE",1438
"862","PA","NE",1843
"863","SC","NE",1864
"864","SD","NE",325
"865","TX","NE",1115
"866","UT","NE",1035
"867","VA","NE",1849
"868","WY","NE",659
"869","PR","NE",4084
"870","OR","NE",1715
"871","WV","NE",1665
"872","AL","NE",1504
"873","AK","NE",4184
"874","CO","NE",563
"875","DE","NE",2080
"876","DC","NE",1956
"877","HI","NE",5755
"878","IN","NE",1156
"879","KY","NE",1323
"880","ME","NE",2497
"881","MA","NE",2313
"882","MI","NE",1265
"883","MT","NE",994
"884","NH","NE",2318
"885","NM","NE",963
"886","NC","NE",1897
"887","OK","NE",690
"888","VI","NE",4249
"889","RI","NE",2342
"890","TN","NE",1329
"891","VT","NE",2229
"892","WA","NE",1759
"893","WI","NE",869
"894","AS","NE",9528
"895","GU","NE",11035
"896","MP","NE",10822
"897","AZ","NV",717
"898","AR","NV",2201
"899","CA","NV",348
"900","CT","NV",3693
"901","FL","NV",3347
"902","GA","NV",3067
"903","ID","NV",583
"904","IL","NV",2346
"905","IA","NV",1973
"906","KS","NV",1585
"907","LA","NV",2419
"908","MD","NV",3417
"909","MN","NV",1975
"910","MS","NV",2529
"911","MO","NV",2095
"912","NE","NV",1447
"913","NV","NV",0
"914","NJ","NV",3565
"915","NY","NV",3443
"916","ND","NV",1585
"917","OH","NV",2883
"918","PA","NV",3289
"919","SC","NV",3233
"920","SD","NV",1472
"921","TX","NV",1794
"922","UT","NV",429
"923","VA","NV",3280
"924","WY","NV",864
"925","PR","NV",5346
"926","OR","NV",603
"927","WV","NV",3102
"928","AL","NV",2770
"929","AK","NV",3642
"930","CO","NV",960
"931","DE","NV",3525
"932","DC","NV",3400
"933","HI","NV",4311
"934","IN","NV",2596
"935","KY","NV",2732
"936","ME","NV",3906
"937","MA","NV",3753
"938","MI","NV",2700
"939","MT","NV",1025
"940","NH","NV",3747
"941","NM","NV",1087
"942","NC","NV",3303
"943","OK","NV",1741
"944","VI","NV",5524
"945","RI","NV",3784
"946","TN","NV",2692
"947","VT","NV",3654
"948","WA","NV",942
"949","WI","NV",2273
"950","AS","NV",8164
"951","GU","NV",9795
"952","MP","NV",9590
"953","AZ","NJ",3323
"954","AR","NJ",1673
"955","CA","NJ",3881
"956","CT","NJ",228
"957","FL","NJ",1467
"958","GA","NJ",1148
"959","ID","NJ",3299
"960","IL","NJ",1238
"961","IA","NJ",1593
"962","KS","NJ",2048
"963","LA","NJ",1862
"964","MD","NJ",221
"965","MN","NJ",1729
"966","MS","NJ",1574
"967","MO","NJ",1548
"968","NE","NJ",2118
"969","NV","NJ",3565
"970","NJ","NJ",0
"971","NY","NJ",314
"972","ND","NJ",2215
"973","OH","NJ",692
"974","PA","NJ",277
"975","SC","NJ",890
"976","SD","NJ",2151
"977","TX","NJ",2420
"978","UT","NJ",3151
"979","VA","NJ",471
"980","WY","NJ",2742
"981","PR","NJ",2558
"982","OR","NJ",3772
"983","WV","NJ",540
"984","AL","NJ",1362
"985","AK","NJ",5509
"986","CO","NJ",2643
"987","DE","NJ",151
"988","DC","NJ",247
"989","HI","NJ",7872
"990","IN","NJ",991
"991","KY","NJ",968
"992","ME","NJ",727
"993","MA","NJ",332
"994","MI","NJ",904
"995","MT","NJ",2898
"996","NH","NJ",465
"997","NM","NJ",2845
"998","NC","NJ",661
"999","OK","NJ",2067
"1000","VI","NJ",2665
"1001","RI","NJ",308
"1002","TN","NJ",1132
"1003","VT","NJ",463
"1004","WA","NJ",3714
"1005","WI","NJ",1354
"1006","AS","NJ",11532
"1007","GU","NJ",12813
"1008","MP","NJ",12593
"1009","AZ","NY",3264
"1010","AR","NY",1714
"1011","CA","NY",3770
"1012","CT","NY",272
"1013","FL","NY",1706
"1014","GA","NY",1338
"1015","ID","NY",3132
"1016","IL","NY",1186
"1017","IA","NY",1479
"1018","KS","NY",1988
"1019","LA","NY",1966
"1020","MD","NY",447
"1021","MN","NY",1534
"1022","MS","NY",1679
"1023","MO","NY",1519
"1024","NE","NY",2005
"1025","NV","NY",3443
"1026","NJ","NY",314
"1027","NY","NY",0
"1028","ND","NY",2015
"1029","OH","NY",674
"1030","PA","NY",298
"1031","SC","NY",1107
"1032","SD","NY",1993
"1033","TX","NY",2456
"1034","UT","NY",3040
"1035","VA","NY",668
"1036","WY","NY",2598
"1037","PR","NY",2870
"1038","OR","NY",3603
"1039","WV","NY",643
"1040","AL","NY",1501
"1041","AK","NY",5216
"1042","CO","NY",2552
"1043","DE","NY",439
"1044","DC","NY",466
"1045","HI","NY",7754
"1046","IN","NY",960
"1047","KY","NY",1026
"1048","ME","NY",570
"1049","MA","NY",311
"1050","MI","NY",743
"1051","MT","NY",2708
"1052","NH","NY",329
"1053","NM","NY",2807
"1054","NC","NY",887
"1055","OK","NY",2059
"1056","VI","NY",2974
"1057","RI","NY",351
"1058","TN","NY",1220
"1059","VT","NY",262
"1060","WA","NY",3517
"1061","WI","NY",1181
"1062","AS","NY",11500
"1063","GU","NY",12540
"1064","MP","NY",12320
"1065","AZ","ND",1735
"1066","AR","ND",1546
"1067","CA","ND",1933
"1068","CT","ND",2284
"1069","FL","ND",2602
"1070","GA","ND",2183
"1071","ID","ND",1150
"1072","IL","ND",1221
"1073","IA","ND",812
"1074","KS","ND",1010
"1075","LA","ND",1959
"1076","MD","ND",2128
"1077","MN","ND",486
"1078","MS","ND",1870
"1079","MO","ND",1200
"1080","NE","ND",660
"1081","NV","ND",1585
"1082","NJ","ND",2215
"1083","NY","ND",2015
"1084","ND","ND",0
"1085","OH","ND",1623
"1086","PA","ND",1946
"1087","SC","ND",2224
"1088","SD","ND",335
"1089","TX","ND",1775
"1090","UT","ND",1278
"1091","VA","ND",2079
"1092","WY","ND",743
"1093","PR","ND",4477
"1094","OR","ND",1607
"1095","WV","ND",1882
"1096","AL","ND",1994
"1097","AK","ND",3626
"1098","CO","ND",1025
"1099","DE","ND",2223
"1100","DC","ND",2119
"1101","HI","ND",5816
"1102","IN","ND",1415
"1103","KY","ND",1660
"1104","ME","ND",2397
"1105","MA","ND",2322
"1106","MI","ND",1313
"1107","MT","ND",696
"1108","NH","ND",2280
"1109","NM","ND",1521
"1110","NC","ND",2191
"1111","OK","ND",1340
"1112","VI","ND",4628
"1113","RI","ND",2366
"1114","TN","ND",1740
"1115","VT","ND",2183
"1116","WA","ND",1503
"1117","WI","ND",867
"1118","AS","ND",9743
"1119","GU","ND",10686
"1120","MP","ND",10469
"1121","AZ","OH",2633
"1122","AR","OH",1040
"1123","CA","OH",3194
"1124","CT","OH",859
"1125","FL","OH",1292
"1126","GA","OH",850
"1127","ID","OH",2648
"1128","IL","OH",546
"1129","IA","OH",919
"1130","KS","OH",1356
"1131","LA","OH",1318
"1132","MD","OH",535
"1133","MN","OH",1148
"1134","MS","OH",1038
"1135","MO","OH",862
"1136","NE","OH",1438
"1137","NV","OH",2883
"1138","NJ","OH",692
"1139","NY","OH",674
"1140","ND","OH",1623
"1141","OH","OH",0
"1142","PA","OH",427
"1143","SC","OH",728
"1144","SD","OH",1505
"1145","TX","OH",1782
"1146","UT","OH",2465
"1147","VA","OH",458
"1148","WY","OH",2077
"1149","PR","OH",2904
"1150","OR","OH",3122
"1151","WV","OH",262
"1152","AL","OH",907
"1153","AK","OH",5111
"1154","CO","OH",1953
"1155","DE","OH",642
"1156","DC","OH",519
"1157","HI","OH",7184
"1158","IN","OH",300
"1159","KY","OH",376
"1160","ME","OH",1242
"1161","MA","OH",944
"1162","MI","OH",386
"1163","MT","OH",2278
"1164","NH","OH",1002
"1165","NM","OH",2159
"1166","NC","OH",607
"1167","OK","OH",1393
"1168","VI","OH",3042
"1169","RI","OH",955
"1170","TN","OH",584
"1171","VT","OH",935
"1172","WA","OH",3095
"1173","WI","OH",765
"1174","AS","OH",10852
"1175","GU","OH",12303
"1176","MP","OH",12086
"1177","AZ","PA",3059
"1178","AR","PA",1446
"1179","CA","PA",3607
"1180","CT","PA",433
"1181","FL","PA",1423
"1182","GA","PA",1042
"1183","ID","PA",3023
"1184","IL","PA",970
"1185","IA","PA",1316
"1186","KS","PA",1781
"1187","LA","PA",1676
"1188","MD","PA",222
"1189","MN","PA",1460
"1190","MS","PA",1388
"1191","MO","PA",1289
"1192","NE","PA",1843
"1193","NV","PA",3289
"1194","NJ","PA",277
"1195","NY","PA",298
"1196","ND","PA",1946
"1197","OH","PA",427
"1198","PA","PA",0
"1199","SC","PA",820
"1200","SD","PA",1875
"1201","TX","PA",2192
"1202","UT","PA",2876
"1203","VA","PA",385
"1204","WY","PA",2466
"1205","PR","PA",2734
"1206","OR","PA",3497
"1207","WV","PA",346
"1208","AL","PA",1204
"1209","AK","PA",5296
"1210","CO","PA",2371
"1211","DE","PA",287
"1212","DC","PA",229
"1213","HI","PA",7597
"1214","IN","PA",727
"1215","KY","PA",746
"1216","ME","PA",857
"1217","MA","PA",522
"1218","MI","PA",633
"1219","MT","PA",2626
"1220","NH","PA",601
"1221","NM","PA",2586
"1222","NC","PA",608
"1223","OK","PA",1818
"1224","VI","PA",2853
"1225","RI","PA",528
"1226","TN","PA",932
"1227","VT","PA",552
"1228","WA","PA",3443
"1229","WI","PA",1082
"1230","AS","PA",11280
"1231","GU","PA",12572
"1232","MP","PA",12353
"1233","AZ","SC",2829
"1234","AR","SC",1066
"1235","CA","SC",3504
"1236","CT","SC",1117
"1237","FL","SC",603
"1238","GA","SC",276
"1239","ID","SC",3115
"1240","IL","SC",1006
"1241","IA","SC",1428
"1242","KS","SC",1649
"1243","LA","SC",1088
"1244","MD","SC",678
"1245","MN","SC",1785
"1246","MS","SC",826
"1247","MO","SC",1153
"1248","NE","SC",1864
"1249","NV","SC",3233
"1250","NJ","SC",890
"1251","NY","SC",1107
"1252","ND","SC",2224
"1253","OH","SC",728
"1254","PA","SC",820
"1255","SC","SC",0
"1256","SD","SC",2031
"1257","TX","SC",1749
"1258","UT","SC",2804
"1259","VA","SC",440
"1260","WY","SC",2522
"1261","PR","SC",2253
"1262","OR","SC",3576
"1263","WV","SC",526
"1264","AL","SC",566
"1265","AK","SC",5798
"1266","CO","SC",2273
"1267","DE","SC",743
"1268","DC","SC",654
"1269","HI","SC",7436
"1270","IN","SC",820
"1271","KY","SC",565
"1272","ME","SC",1616
"1273","MA","SC",1221
"1274","MI","SC",1111
"1275","MT","SC",2816
"1276","NH","SC",1352
"1277","NM","SC",2319
"1278","NC","SC",229
"1279","OK","SC",1531
"1280","VI","SC",2407
"1281","RI","SC",1190
"1282","TN","SC",542
"1283","VT","SC",1334
"1284","WA","SC",3614
"1285","WI","SC",1425
"1286","AS","SC",10870
"1287","GU","SC",12887
"1288","MP","SC",12672
"1289","AZ","SD",1493
"1290","AR","SD",1251
"1291","CA","SD",1812
"1292","CT","SD",2253
"1293","FL","SD",2354
"1294","GA","SD",1956
"1295","ID","SD",1148
"1296","IL","SD",1031
"1297","IA","SD",606
"1298","KS","SD",679
"1299","LA","SD",1652
"1300","MD","SD",2034
"1301","MN","SD",509
"1302","MS","SD",1588
"1303","MO","SD",934
"1304","NE","SD",325
"1305","NV","SD",1472
"1306","NJ","SD",2151
"1307","NY","SD",1993
"1308","ND","SD",335
"1309","OH","SD",1505
"1310","PA","SD",1875
"1311","SC","SD",2031
"1312","SD","SD",0
"1313","TX","SD",1440
"1314","UT","SD",1105
"1315","VA","SD",1947
"1316","WY","SD",611
"1317","PR","SD",4278
"1318","OR","SD",1622
"1319","WV","SD",1753
"1320","AL","SD",1737
"1321","AK","SD",3901
"1322","CO","SD",748
"1323","DE","SD",2136
"1324","DC","SD",2020
"1325","HI","SD",5770
"1326","IN","SD",1256
"1327","KY","SD",1470
"1328","ME","SD",2436
"1329","MA","SD",2304
"1330","MI","SD",1255
"1331","MT","SD",787
"1332","NH","SD",2286
"1333","NM","SD",1221
"1334","NC","SD",2029
"1335","OK","SD",1010
"1336","VI","SD",4436
"1337","RI","SD",2341
"1338","TN","SD",1517
"1339","VT","SD",2191
"1340","WA","SD",1596
"1341","WI","SD",812
"1342","AS","SD",9625
"1343","GU","SD",10857
"1344","MP","SD",10642
"1345","AZ","TX",1193
"1346","AR","TX",747
"1347","CA","TX",1966
"1348","CT","TX",2621
"1349","FL","TX",1653
"1350","GA","TX",1506
"1351","ID","TX",1959
"1352","IL","TX",1321
"1353","IA","TX",1285
"1354","KS","TX",782
"1355","LA","TX",703
"1356","MD","TX",2211
"1357","MN","TX",1703
"1358","MS","TX",924
"1359","MO","TX",988
"1360","NE","TX",1115
"1361","NV","TX",1794
"1362","NJ","TX",2420
"1363","NY","TX",2456
"1364","ND","TX",1775
"1365","OH","TX",1782
"1366","PA","TX",2192
"1367","SC","TX",1749
"1368","SD","TX",1440
"1369","TX","TX",0
"1370","UT","TX",1416
"1371","VA","TX",1990
"1372","WY","TX",1469
"1373","PR","TX",3614
"1374","OR","TX",2314
"1375","WV","TX",1880
"1376","AL","TX",1190
"1377","AK","TX",5158
"1378","CO","TX",1006
"1379","DE","TX",2317
"1380","DC","TX",2187
"1381","HI","TX",5735
"1382","IN","TX",1505
"1383","KY","TX",1453
"1384","ME","TX",3022
"1385","MA","TX",2714
"1386","MI","TX",1857
"1387","MT","TX",1938
"1388","NH","TX",2783
"1389","NM","TX",711
"1390","NC","TX",1907
"1391","OK","TX",486
"1392","VI","TX",3798
"1393","RI","TX",2715
"1394","TN","TX",1298
"1395","VT","TX",2717
"1396","WA","TX",2516
"1397","WI","TX",1671
"1398","AS","TX",9139
"1399","GU","TX",11571
"1400","MP","TX",11369
"1401","AZ","UT",558
"1402","AR","UT",1775
"1403","CA","UT",731
"1404","CT","UT",3285
"1405","FL","UT",2927
"1406","GA","UT",2639
"1407","ID","UT",615
"1408","IL","UT",1925
"1409","IA","UT",1563
"1410","KS","UT",1156
"1411","LA","UT",2009
"1412","MD","UT",2998
"1413","MN","UT",1614
"1414","MS","UT",2107
"1415","MO","UT",1667
"1416","NE","UT",1035
"1417","NV","UT",429
"1418","NJ","UT",3151
"1419","NY","UT",3040
"1420","ND","UT",1278
"1421","OH","UT",2465
"1422","PA","UT",2876
"1423","SC","UT",2804
"1424","SD","UT",1105
"1425","TX","UT",1416
"1426","UT","UT",0
"1427","VA","UT",2856
"1428","WY","UT",535
"1429","PR","UT",4928
"1430","OR","UT",899
"1431","WV","UT",2679
"1432","AL","UT",2345
"1433","AK","UT",3853
"1434","CO","UT",531
"1435","DE","UT",3106
"1436","DC","UT",2980
"1437","HI","UT",4721
"1438","IN","UT",2175
"1439","KY","UT",2305
"1440","ME","UT",3520
"1441","MA","UT",3349
"1442","MI","UT",2298
"1443","MT","UT",872
"1444","NH","UT",3350
"1445","NM","UT",736
"1446","NC","UT",2875
"1447","OK","UT",1319
"1448","VI","UT",5104
"1449","RI","UT",3377
"1450","TN","UT",2263
"1451","VT","UT",3259
"1452","WA","UT",1140
"1453","WI","UT",1883
"1454","AS","UT",8522
"1455","GU","UT",10205
"1456","MP","UT",9999
"1457","AZ","VA",2966
"1458","AR","VA",1252
"1459","CA","VA",3578
"1460","CT","VA",698
"1461","FL","VA",1040
"1462","GA","VA",681
"1463","ID","VA",3081
"1464","IL","VA",939
"1465","IA","VA",1348
"1466","KS","VA",1713
"1467","LA","VA",1401
"1468","MD","VA",250
"1469","MN","VA",1606
"1470","MS","VA",1115
"1471","MO","VA",1198
"1472","NE","VA",1849
"1473","NV","VA",3280
"1474","NJ","VA",471
"1475","NY","VA",668
"1476","ND","VA",2079
"1477","OH","VA",458
"1478","PA","VA",385
"1479","SC","VA",440
"1480","SD","VA",1947
"1481","TX","VA",1990
"1482","UT","VA",2856
"1483","VA","VA",0
"1484","WY","VA",2501
"1485","PR","VA",2457
"1486","OR","VA",3553
"1487","WV","VA",197
"1488","AL","VA",893
"1489","AK","VA",5556
"1490","CO","VA",2331
"1491","DE","VA",338
"1492","DC","VA",225
"1493","HI","VA",7557
"1494","IN","VA",696
"1495","KY","VA",566
"1496","ME","VA",1186
"1497","MA","VA",802
"1498","MI","VA",822
"1499","MT","VA",2727
"1500","NH","VA",922
"1501","NM","VA",2471
"1502","NC","VA",223
"1503","OK","VA",1679
"1504","VI","VA",2590
"1505","RI","VA",779
"1506","TN","VA",692
"1507","VT","VA",897
"1508","WA","VA",3542
"1509","WI","VA",1223
"1510","AS","VA",11126
"1511","GU","VA",12762
"1512","MP","VA",12544
"1513","AZ","WY",1030
"1514","AR","WY",1585
"1515","CA","WY",1208
"1516","CT","WY",2855
"1517","FL","WY",2750
"1518","GA","WY",2401
"1519","ID","WY",593
"1520","IL","WY",1563
"1521","IA","WY",1158
"1522","KS","WY",922
"1523","LA","WY",1912
"1524","MD","WY",2611
"1525","MN","WY",1111
"1526","MS","WY",1935
"1527","MO","WY",1372
"1528","NE","WY",659
"1529","NV","WY",864
"1530","NJ","WY",2742
"1531","NY","WY",2598
"1532","ND","WY",743
"1533","OH","WY",2077
"1534","PA","WY",2466
"1535","SC","WY",2522
"1536","SD","WY",611
"1537","TX","WY",1469
"1538","UT","WY",535
"1539","VA","WY",2501
"1540","WY","WY",0
"1541","PR","WY",4730
"1542","OR","WY",1056
"1543","WV","WY",2313
"1544","AL","WY",2137
"1545","AK","WY",3690
"1546","CO","WY",475
"1547","DE","WY",2716
"1548","DC","WY",2596
"1549","HI","WY",5160
"1550","IN","WY",1805
"1551","KY","WY",1982
"1552","ME","WY",3047
"1553","MA","WY",2909
"1554","MI","WY",1857
"1555","MT","WY",478
"1556","NH","WY",2895
"1557","NM","WY",960
"1558","NC","WY",2555
"1559","OK","WY",1194
"1560","VI","WY",4898
"1561","RI","WY",2944
"1562","TN","WY",1984
"1563","VT","WY",2801
"1564","WA","WY",1121
"1565","WI","WY",1420
"1566","AS","WY",9026
"1567","GU","WY",10387
"1568","MP","WY",10175
"1569","AZ","PR",4806
"1570","AR","PR",3162
"1571","CA","PR",5565
"1572","CT","PR",2661
"1573","FL","PR",2000
"1574","GA","PR",2332
"1575","ID","PR",5321
"1576","IL","PR",3259
"1577","IA","PR",3679
"1578","KS","PR",3818
"1579","LA","PR",2936
"1580","MD","PR",2512
"1581","MN","PR",4029
"1582","MS","PR",2822
"1583","MO","PR",3367
"1584","NE","PR",4084
"1585","NV","PR",5346
"1586","NJ","PR",2558
"1587","NY","PR",2870
"1588","ND","PR",4477
"1589","OH","PR",2904
"1590","PA","PR",2734
"1591","SC","PR",2253
"1592","SD","PR",4278
"1593","TX","PR",3614
"1594","UT","PR",4928
"1595","VA","PR",2457
"1596","WY","PR",4730
"1597","PR","PR",0
"1598","OR","PR",5766
"1599","WV","PR",2646
"1600","AL","PR",2597
"1601","AK","PR",8012
"1602","CO","PR",4412
"1603","DE","PR",2462
"1604","DC","PR",2509
"1605","HI","PR",9256
"1606","IN","PR",3066
"1607","KY","PR",2818
"1608","ME","PR",3020
"1609","MA","PR",2714
"1610","MI","PR",3278
"1611","MT","PR",5060
"1612","NH","PR",2863
"1613","NM","PR",4309
"1614","NC","PR",2302
"1615","OK","PR",3609
"1616","VI","PR",189
"1617","RI","PR",2647
"1618","TN","PR",2763
"1619","VT","PR",2924
"1620","WA","PR",5843
"1621","WI","PR",3657
"1622","AS","PR",11980
"1623","GU","PR",15117
"1624","MP","PR",14905
"1625","AZ","OR",1316
"1626","AR","OR",2605
"1627","CA","OR",746
"1628","CT","OR",3867
"1629","FL","OR",3772
"1630","GA","OR",3445
"1631","ID","OR",474
"1632","IL","OR",2617
"1633","IA","OR",2206
"1634","KS","OR",1949
"1635","LA","OR",2882
"1636","MD","OR",3654
"1637","MN","OR",2072
"1638","MS","OR",2949
"1639","MO","OR",2424
"1640","NE","OR",1715
"1641","NV","OR",603
"1642","NJ","OR",3772
"1643","NY","OR",3603
"1644","ND","OR",1607
"1645","OH","OR",3122
"1646","PA","OR",3497
"1647","SC","OR",3576
"1648","SD","OR",1622
"1649","TX","OR",2314
"1650","UT","OR",899
"1651","VA","OR",3553
"1652","WY","OR",1056
"1653","PR","OR",5766
"1654","OR","OR",0
"1655","WV","OR",3363
"1656","AL","OR",3169
"1657","AK","OR",3039
"1658","CO","OR",1366
"1659","DE","OR",3757
"1660","DC","OR",3639
"1661","HI","OR",4219
"1662","IN","OR",2857
"1663","KY","OR",3038
"1664","ME","OR",4005
"1665","MA","OR",3913
"1666","MI","OR",2873
"1667","MT","OR",919
"1668","NH","OR",3881
"1669","NM","OR",1631
"1670","NC","OR",3611
"1671","OK","OR",2172
"1672","VI","OR",5937
"1673","RI","OR",3953
"1674","TN","OR",3036
"1675","VT","OR",3785
"1676","WA","OR",382
"1677","WI","OR",2425
"1678","AS","OR",8211
"1679","GU","OR",9353
"1680","MP","OR",9144
"1681","AZ","WV",2811
"1682","AR","WV",1133
"1683","CA","WV",3405
"1684","CT","WV",749
"1685","FL","WV",1122
"1686","GA","WV",713
"1687","ID","WV",2891
"1688","IL","WV",756
"1689","IA","WV",1158
"1690","KS","WV",1546
"1691","LA","WV",1336
"1692","MD","WV",337
"1693","MN","WV",1409
"1694","MS","WV",1047
"1695","MO","WV",1035
"1696","NE","WV",1665
"1697","NV","WV",3102
"1698","NJ","WV",540
"1699","NY","WV",643
"1700","ND","WV",1882
"1701","OH","WV",262
"1702","PA","WV",346
"1703","SC","WV",526
"1704","SD","WV",1753
"1705","TX","WV",1880
"1706","UT","WV",2679
"1707","VA","WV",197
"1708","WY","WV",2313
"1709","PR","WV",2646
"1710","OR","WV",3363
"1711","WV","WV",0
"1712","AL","WV",859
"1713","AK","WV",5367
"1714","CO","WV",2159
"1715","DE","WV",446
"1716","DC","WV",314
"1717","HI","WV",7389
"1718","IN","WV",508
"1719","KY","WV",428
"1720","ME","WV",1201
"1721","MA","WV",847
"1722","MI","WV",634
"1723","MT","WV",2532
"1724","NH","WV",942
"1725","NM","WV",2323
"1726","NC","WV",362
"1727","OK","WV",1537
"1728","VI","WV",2782
"1729","RI","WV",840
"1730","TN","WV",596
"1731","VT","WV",897
"1732","WA","WV",3347
"1733","WI","WV",1026
"1734","AS","WV",10999
"1735","GU","WV",12565
"1736","MP","WV",12347
"1737","AZ","AL",2307
"1738","AR","AL",570
"1739","CA","AL",3017
"1740","CT","AL",1586
"1741","FL","AL",618
"1742","GA","AL",317
"1743","ID","AL",2726
"1744","IL","AL",835
"1745","IA","AL",1187
"1746","KS","AL",1221
"1747","LA","AL",524
"1748","MD","AL",1141
"1749","MN","AL",1632
"1750","MS","AL",266
"1751","MO","AL",803
"1752","NE","AL",1504
"1753","NV","AL",2770
"1754","NJ","AL",1362
"1755","NY","AL",1501
"1756","ND","AL",1994
"1757","OH","AL",907
"1758","PA","AL",1204
"1759","SC","AL",566
"1760","SD","AL",1737
"1761","TX","AL",1190
"1762","UT","AL",2345
"1763","VA","AL",893
"1764","WY","AL",2137
"1765","PR","AL",2597
"1766","OR","AL",3169
"1767","WV","AL",859
"1768","AL","AL",0
"1769","AK","AL",5619
"1770","CO","AL",1821
"1771","DE","AL",1231
"1772","DC","AL",1115
"1773","HI","AL",6905
"1774","IN","AL",791
"1775","KY","AL",544
"1776","ME","AL",2058
"1777","MA","AL",1689
"1778","MI","AL",1202
"1779","MT","AL",2495
"1780","NH","AL",1796
"1781","NM","AL",1796
"1782","NC","AL",752
"1783","OK","AL",1032
"1784","VI","AL",2768
"1785","RI","AL",1671
"1786","TN","AL",342
"1787","VT","AL",1755
"1788","WA","AL",3256
"1789","WI","AL",1343
"1790","AS","AL",10304
"1791","GU","AL",12521
"1792","MP","AL",12310
"1793","AZ","AK",4345
"1794","AR","AK",5152
"1795","CA","AK",3734
"1796","CT","AK",5467
"1797","FL","AK",6224
"1798","GA","AK",5795
"1799","ID","AK",3244
"1800","IL","AK",4824
"1801","IA","AK",4435
"1802","KS","AK",4534
"1803","LA","AK",5541
"1804","MD","AK",5515
"1805","MN","AK",4019
"1806","MS","AK",5488
"1807","MO","AK",4824
"1808","NE","AK",4184
"1809","NV","AK",3642
"1810","NJ","AK",5509
"1811","NY","AK",5216
"1812","ND","AK",3626
"1813","OH","AK",5111
"1814","PA","AK",5296
"1815","SC","AK",5798
"1816","SD","AK",3901
"1817","TX","AK",5158
"1818","UT","AK",3853
"1819","VA","AK",5556
"1820","WY","AK",3690
"1821","PR","AK",8012
"1822","OR","AK",3039
"1823","WV","AK",5367
"1824","AL","AK",5619
"1825","AK","AK",0
"1826","CO","AK",4155
"1827","DE","AK",5579
"1828","DC","AK",5515
"1829","HI","AK",4992
"1830","IN","AK",4979
"1831","KY","AK",5247
"1832","ME","AK",5288
"1833","MA","AK",5450
"1834","MI","AK",4734
"1835","MT","AK",3229
"1836","NH","AK",5332
"1837","NM","AK",4570
"1838","NC","AK",5717
"1839","OK","AK",4848
"1840","VI","AK",8142
"1841","RI","AK",5514
"1842","TN","AK",5354
"1843","VT","AK",5246
"1844","WA","AK",2720
"1845","WI","AK",4373
"1846","AS","AK",8870
"1847","GU","AK",7366
"1848","MP","AK",7146
"1849","AZ","CO",756
"1850","AR","CO",1252
"1851","CA","CO",1247
"1852","CT","CO",2788
"1853","FL","CO",2413
"1854","GA","CO",2111
"1855","ID","CO",965
"1856","IL","CO",1409
"1857","IA","CO",1075
"1858","KS","CO",626
"1859","LA","CO",1517
"1860","MD","CO",2482
"1861","MN","CO",1227
"1862","MS","CO",1590
"1863","MO","CO",1138
"1864","NE","CO",563
"1865","NV","CO",960
"1866","NJ","CO",2643
"1867","NY","CO",2552
"1868","ND","CO",1025
"1869","OH","CO",1953
"1870","PA","CO",2371
"1871","SC","CO",2273
"1872","SD","CO",748
"1873","TX","CO",1006
"1874","UT","CO",531
"1875","VA","CO",2331
"1876","WY","CO",475
"1877","PR","CO",4412
"1878","OR","CO",1366
"1879","WV","CO",2159
"1880","AL","CO",1821
"1881","AK","CO",4155
"1882","CO","CO",0
"1883","DE","CO",2591
"1884","DC","CO",2463
"1885","HI","CO",5232
"1886","IN","CO",1659
"1887","KY","CO",1777
"1888","ME","CO",3055
"1889","MA","CO",2857
"1890","MI","CO",1818
"1891","MT","CO",953
"1892","NH","CO",2870
"1893","NM","CO",510
"1894","NC","CO",2346
"1895","OK","CO",807
"1896","VI","CO",4586
"1897","RI","CO",2882
"1898","TN","CO",1732
"1899","VT","CO",2782
"1900","WA","CO",1522
"1901","WI","CO",1431
"1902","AS","CO",8968
"1903","GU","CO",10713
"1904","MP","CO",10504
"1905","AZ","DE",3254
"1906","AR","DE",1573
"1907","CA","DE",3835
"1908","CT","DE",375
"1909","FL","DE",1317
"1910","GA","DE",1005
"1911","ID","DE",3282
"1912","IL","DE",1183
"1913","IA","DE",1560
"1914","KS","DE",1985
"1915","LA","DE",1739
"1916","MD","DE",110
"1917","MN","DE",1738
"1918","MS","DE",1452
"1919","MO","DE",1477
"1920","NE","DE",2080
"1921","NV","DE",3525
"1922","NJ","DE",151
"1923","NY","DE",439
"1924","ND","DE",2223
"1925","OH","DE",642
"1926","PA","DE",287
"1927","SC","DE",743
"1928","SD","DE",2136
"1929","TX","DE",2317
"1930","UT","DE",3106
"1931","VA","DE",338
"1932","WY","DE",2716
"1933","PR","DE",2462
"1934","OR","DE",3757
"1935","WV","DE",446
"1936","AL","DE",1231
"1937","AK","DE",5579
"1938","CO","DE",2591
"1939","DE","DE",0
"1940","DC","DE",132
"1941","HI","DE",7823
"1942","IN","DE",932
"1943","KY","DE",871
"1944","ME","DE",877
"1945","MA","DE",479
"1946","MI","DE",912
"1947","MT","DE",2897
"1948","NH","DE",616
"1949","NM","DE",2768
"1950","NC","DE",514
"1951","OK","DE",1983
"1952","VI","DE",2576
"1953","RI","DE",448
"1954","TN","DE",1021
"1955","VT","DE",612
"1956","WA","DE",3714
"1957","WI","DE",1356
"1958","AS","DE",11444
"1959","GU","DE",12859
"1960","MP","DE",12640
"1961","AZ","DC",3123
"1962","AR","DC",1442
"1963","CA","DC",3708
"1964","CT","DC",473
"1965","FL","DC",1246
"1966","GA","DC",905
"1967","ID","DC",3166
"1968","IL","DC",1055
"1969","IA","DC",1439
"1970","KS","DC",1855
"1971","LA","DC",1617
"1972","MD","DC",26
"1973","MN","DC",1635
"1974","MS","DC",1329
"1975","MO","DC",1346
"1976","NE","DC",1956
"1977","NV","DC",3400
"1978","NJ","DC",247
"1979","NY","DC",466
"1980","ND","DC",2119
"1981","OH","DC",519
"1982","PA","DC",229
"1983","SC","DC",654
"1984","SD","DC",2020
"1985","TX","DC",2187
"1986","UT","DC",2980
"1987","VA","DC",225
"1988","WY","DC",2596
"1989","PR","DC",2509
"1990","OR","DC",3639
"1991","WV","DC",314
"1992","AL","DC",1115
"1993","AK","DC",5515
"1994","CO","DC",2463
"1995","DE","DC",132
"1996","DC","DC",0
"1997","HI","DC",7695
"1998","IN","DC",805
"1999","KY","DC",740
"2000","ME","DC",963
"2001","MA","DC",577
"2002","MI","DC",815
"2003","MT","DC",2787
"2004","NH","DC",699
"2005","NM","DC",2636
"2006","NC","DC",428
"2007","OK","DC",1851
"2008","VI","DC",2630
"2009","RI","DC",556
"2010","TN","DC",893
"2011","VT","DC",679
"2012","WA","DC",3605
"2013","WI","DC",1252
"2014","AS","DC",11312
"2015","GU","DC",12774
"2016","MP","DC",12555
"2017","AZ","HI",4608
"2018","AR","HI",6369
"2019","CA","HI",3991
"2020","CT","HI",8004
"2021","FL","HI",7381
"2022","GA","HI",7221
"2023","ID","HI",4666
"2024","IL","HI",6640
"2025","IA","HI",6283
"2026","KS","HI",5844
"2027","LA","HI",6439
"2028","MD","HI",7714
"2029","MN","HI",6258
"2030","MS","HI",6641
"2031","MO","HI",6359
"2032","NE","HI",5755
"2033","NV","HI",4311
"2034","NJ","HI",7872
"2035","NY","HI",7754
"2036","ND","HI",5816
"2037","OH","HI",7184
"2038","PA","HI",7597
"2039","SC","HI",7436
"2040","SD","HI",5770
"2041","TX","HI",5735
"2042","UT","HI",4721
"2043","VA","HI",7557
"2044","WY","HI",5160
"2045","PR","HI",9256
"2046","OR","HI",4219
"2047","WV","HI",7389
"2048","AL","HI",6905
"2049","AK","HI",4992
"2050","CO","HI",5232
"2051","DE","HI",7823
"2052","DC","HI",7695
"2053","HI","HI",0
"2054","IN","HI",6891
"2055","KY","HI",6994
"2056","ME","HI",8202
"2057","MA","HI",8064
"2058","MI","HI",7011
"2059","MT","HI",5137
"2060","NH","HI",8054
"2061","NM","HI",5116
"2062","NC","HI",7547
"2063","OK","HI",5907
"2064","VI","HI",9445
"2065","RI","HI",8095
"2066","TN","HI",6916
"2067","VT","HI",7961
"2068","WA","HI",4419
"2069","WI","HI",6579
"2070","AS","HI",4102
"2071","GU","HI",6380
"2072","MP","HI",6231
"2073","AZ","IN",2332
"2074","AR","IN",779
"2075","CA","IN",2903
"2076","CT","IN",1158
"2077","FL","IN",1296
"2078","GA","IN",845
"2079","ID","IN",2386
"2080","IL","IN",250
"2081","IA","IN",654
"2082","KS","IN",1057
"2083","LA","IN",1110
"2084","MD","IN",823
"2085","MN","IN",966
"2086","MS","IN",850
"2087","MO","IN",563
"2088","NE","IN",1156
"2089","NV","IN",2596
"2090","NJ","IN",991
"2091","NY","IN",960
"2092","ND","IN",1415
"2093","OH","IN",300
"2094","PA","IN",727
"2095","SC","IN",820
"2096","SD","IN",1256
"2097","TX","IN",1505
"2098","UT","IN",2175
"2099","VA","IN",696
"2100","WY","IN",1805
"2101","PR","IN",3066
"2102","OR","IN",2857
"2103","WV","IN",508
"2104","AL","IN",791
"2105","AK","IN",4979
"2106","CO","IN",1659
"2107","DE","IN",932
"2108","DC","IN",805
"2109","HI","IN",6891
"2110","IN","IN",0
"2111","KY","IN",278
"2112","ME","IN",1520
"2113","MA","IN",1241
"2114","MI","IN",420
"2115","MT","IN",2040
"2116","NH","IN",1290
"2117","NM","IN",1859
"2118","NC","IN",778
"2119","OK","IN",1099
"2120","VI","IN",3214
"2121","RI","IN",1254
"2122","TN","IN",451
"2123","VT","IN",1217
"2124","WA","IN",2852
"2125","WI","IN",609
"2126","AS","IN",10553
"2127","GU","IN",12098
"2128","MP","IN",11881
"2129","AZ","KY",2400
"2130","AR","KY",706
"2131","CA","KY",3023
"2132","CT","KY",1170
"2133","FL","KY",1018
"2134","GA","KY",567
"2135","ID","KY",2572
"2136","IL","KY",441
"2137","IA","KY",865
"2138","KS","KY",1154
"2139","LA","KY",945
"2140","MD","KY",764
"2141","MN","KY",1228
"2142","MS","KY",663
"2143","MO","KY",639
"2144","NE","KY",1323
"2145","NV","KY",2732
"2146","NJ","KY",968
"2147","NY","KY",1026
"2148","ND","KY",1660
"2149","OH","KY",376
"2150","PA","KY",746
"2151","SC","KY",565
"2152","SD","KY",1470
"2153","TX","KY",1453
"2154","UT","KY",2305
"2155","VA","KY",566
"2156","WY","KY",1982
"2157","PR","KY",2818
"2158","OR","KY",3038
"2159","WV","KY",428
"2160","AL","KY",544
"2161","AK","KY",5247
"2162","CO","KY",1777
"2163","DE","KY",871
"2164","DC","KY",740
"2165","HI","KY",6994
"2166","IN","KY",278
"2167","KY","KY",0
"2168","ME","KY",1595
"2169","MA","KY",1264
"2170","MI","KY",664
"2171","MT","KY",2256
"2172","NH","KY",1344
"2173","NM","KY",1905
"2174","NC","KY",574
"2175","OK","KY",1114
"2176","VI","KY",2972
"2177","RI","KY",1262
"2178","TN","KY",209
"2179","VT","KY",1288
"2180","WA","KY",3060
"2181","WI","KY",883
"2182","AS","KY",10572
"2183","GU","KY",12326
"2184","MP","KY",12111
"2185","AZ","ME",3785
"2186","AR","ME",2282
"2187","CA","ME",4243
"2188","CT","ME",503
"2189","FL","ME",2193
"2190","GA","ME",1868
"2191","ID","ME",3543
"2192","IL","ME",1733
"2193","IA","ME",1982
"2194","KS","ME",2520
"2195","LA","ME",2533
"2196","MD","ME",939
"2197","MN","ME",1943
"2198","MS","ME",2245
"2199","MO","ME",2072
"2200","NE","ME",2497
"2201","NV","ME",3906
"2202","NJ","ME",727
"2203","NY","ME",570
"2204","ND","ME",2397
"2205","OH","ME",1242
"2206","PA","ME",857
"2207","SC","ME",1616
"2208","SD","ME",2436
"2209","TX","ME",3022
"2210","UT","ME",3520
"2211","VA","ME",1186
"2212","WY","ME",3047
"2213","PR","ME",3020
"2214","OR","ME",4005
"2215","WV","ME",1201
"2216","AL","ME",2058
"2217","AK","ME",5288
"2218","CO","ME",3055
"2219","DE","ME",877
"2220","DC","ME",963
"2221","HI","ME",8202
"2222","IN","ME",1520
"2223","KY","ME",1595
"2224","ME","ME",0
"2225","MA","ME",402
"2226","MI","ME",1242
"2227","MT","ME",3091
"2228","NH","ME",264
"2229","NM","ME",3345
"2230","NC","ME",1387
"2231","OK","ME",2615
"2232","VI","ME",3092
"2233","RI","ME",450
"2234","TN","ME",1787
"2235","VT","ME",308
"2236","WA","ME",3875
"2237","WI","ME",1636
"2238","AS","ME",12022
"2239","GU","ME",12653
"2240","MP","ME",12433
"2241","AZ","MA",3562
"2242","AR","MA",1967
"2243","CA","MA",4079
"2244","CT","MA",104
"2245","FL","MA",1792
"2246","GA","MA",1480
"2247","ID","MA",3442
"2248","IL","MA",1476
"2249","IA","MA",1786
"2250","KS","MA",2284
"2251","LA","MA",2181
"2252","MD","MA",551
"2253","MN","MA",1843
"2254","MS","MA",1892
"2255","MO","MA",1803
"2256","NE","MA",2313
"2257","NV","MA",3753
"2258","NJ","MA",332
"2259","NY","MA",311
"2260","ND","MA",2322
"2261","OH","MA",944
"2262","PA","MA",522
"2263","SC","MA",1221
"2264","SD","MA",2304
"2265","TX","MA",2714
"2266","UT","MA",3349
"2267","VA","MA",802
"2268","WY","MA",2909
"2269","PR","MA",2714
"2270","OR","MA",3913
"2271","WV","MA",847
"2272","AL","MA",1689
"2273","AK","MA",5450
"2274","CO","MA",2857
"2275","DE","MA",479
"2276","DC","MA",577
"2277","HI","MA",8064
"2278","IN","MA",1241
"2279","KY","MA",1264
"2280","ME","MA",402
"2281","MA","MA",0
"2282","MI","MA",1053
"2283","MT","MA",3016
"2284","NH","MA",158
"2285","NM","MA",3098
"2286","NC","MA",992
"2287","OK","MA",2337
"2288","VI","MA",2802
"2289","RI","MA",67
"2290","TN","MA",1442
"2291","VT","MA",212
"2292","WA","MA",3823
"2293","WI","MA",1492
"2294","AS","MA",11793
"2295","GU","MA",12795
"2296","MP","MA",12575
"2297","AZ","MI",2544
"2298","AR","MI",1167
"2299","CA","MI",3027
"2300","CT","MI",998
"2301","FL","MI",1657
"2302","GA","MI",1207
"2303","ID","MI",2400
"2304","IL","MI",537
"2305","IA","MI",743
"2306","KS","MI",1282
"2307","LA","MI",1524
"2308","MD","MI",822
"2309","MN","MI",827
"2310","MS","MI",1270
"2311","MO","MI",871
"2312","NE","MI",1265
"2313","NV","MI",2700
"2314","NJ","MI",904
"2315","NY","MI",743
"2316","ND","MI",1313
"2317","OH","MI",386
"2318","PA","MI",633
"2319","SC","MI",1111
"2320","SD","MI",1255
"2321","TX","MI",1857
"2322","UT","MI",2298
"2323","VA","MI",822
"2324","WY","MI",1857
"2325","PR","MI",3278
"2326","OR","MI",2873
"2327","WV","MI",634
"2328","AL","MI",1202
"2329","AK","MI",4734
"2330","CO","MI",1818
"2331","DE","MI",912
"2332","DC","MI",815
"2333","HI","MI",7011
"2334","IN","MI",420
"2335","KY","MI",664
"2336","ME","MI",1242
"2337","MA","MI",1053
"2338","MI","MI",0
"2339","MT","MI",1994
"2340","NH","MI",1053
"2341","NM","MI",2108
"2342","NC","MI",991
"2343","OK","MI",1410
"2344","VI","MI",3412
"2345","RI","MI",1087
"2346","TN","MI",861
"2347","VT","MI",964
"2348","WA","MI",2810
"2349","WI","MI",450
"2350","AS","MI",10781
"2351","GU","MI",11960
"2352","MP","MI",11741
"2353","AZ","MT",1425
"2354","AR","MT",1970
"2355","CA","MT",1361
"2356","CT","MT",2977
"2357","FL","MT",3113
"2358","GA","MT",2731
"2359","ID","MT",489
"2360","IL","MT",1817
"2361","IA","MT",1393
"2362","KS","MT",1321
"2363","LA","MT",2331
"2364","MD","MT",2799
"2365","MN","MT",1174
"2366","MS","MT",2319
"2367","MO","MT",1699
"2368","NE","MT",994
"2369","NV","MT",1025
"2370","NJ","MT",2898
"2371","NY","MT",2708
"2372","ND","MT",696
"2373","OH","MT",2278
"2374","PA","MT",2626
"2375","SC","MT",2816
"2376","SD","MT",787
"2377","TX","MT",1938
"2378","UT","MT",872
"2379","VA","MT",2727
"2380","WY","MT",478
"2381","PR","MT",5060
"2382","OR","MT",919
"2383","WV","MT",2532
"2384","AL","MT",2495
"2385","AK","MT",3229
"2386","CO","MT",953
"2387","DE","MT",2897
"2388","DC","MT",2787
"2389","HI","MT",5137
"2390","IN","MT",2040
"2391","KY","MT",2256
"2392","ME","MT",3091
"2393","MA","MT",3016
"2394","MI","MT",1994
"2395","MT","MT",0
"2396","NH","MT",2976
"2397","NM","MT",1432
"2398","NC","MT",2815
"2399","OK","MT",1624
"2400","VI","MT",5220
"2401","RI","MT",3060
"2402","TN","MT",2296
"2403","VT","MT",2879
"2404","WA","MT",818
"2405","WI","MT",1544
"2406","AS","MT",9106
"2407","GU","MT",10071
"2408","MP","MT",9856
"2409","AZ","NH",3587
"2410","AR","NH",2039
"2411","CA","NH",4077
"2412","CT","NH",248
"2413","FL","NH",1933
"2414","GA","NH",1604
"2415","ID","NH",3414
"2416","IL","NH",1514
"2417","IA","NH",1795
"2418","KS","NH",2314
"2419","LA","NH",2276
"2420","MD","NH",675
"2421","MN","NH",1809
"2422","MS","NH",1988
"2423","MO","NH",1848
"2424","NE","NH",2318
"2425","NV","NH",3747
"2426","NJ","NH",465
"2427","NY","NH",329
"2428","ND","NH",2280
"2429","OH","NH",1002
"2430","PA","NH",601
"2431","SC","NH",1352
"2432","SD","NH",2286
"2433","TX","NH",2783
"2434","UT","NH",3350
"2435","VA","NH",922
"2436","WY","NH",2895
"2437","PR","NH",2863
"2438","OR","NH",3881
"2439","WV","NH",942
"2440","AL","NH",1796
"2441","AK","NH",5332
"2442","CO","NH",2870
"2443","DE","NH",616
"2444","DC","NH",699
"2445","HI","NH",8054
"2446","IN","NH",1290
"2447","KY","NH",1344
"2448","ME","NH",264
"2449","MA","NH",158
"2450","MI","NH",1053
"2451","MT","NH",2976
"2452","NH","NH",0
"2453","NM","NH",3134
"2454","NC","NH",1124
"2455","OK","NH",2388
"2456","VI","NH",2948
"2457","RI","NH",221
"2458","TN","NH",1532
"2459","VT","NH",97
"2460","WA","NH",3775
"2461","WI","NH",1475
"2462","AS","NH",11825
"2463","GU","NH",12687
"2464","MP","NH",12466
"2465","AZ","NM",511
"2466","AR","NM",1253
"2467","CA","NM",1259
"2468","CT","NM",3017
"2469","FL","NM",2325
"2470","GA","NM",2110
"2471","ID","NM",1328
"2472","IL","NM",1622
"2473","IA","NM",1390
"2474","KS","NM",826
"2475","LA","NM",1375
"2476","MD","NM",2658
"2477","MN","NM",1654
"2478","MS","NM",1536
"2479","MO","NM",1297
"2480","NE","NM",963
"2481","NV","NM",1087
"2482","NJ","NM",2845
"2483","NY","NM",2807
"2484","ND","NM",1521
"2485","OH","NM",2159
"2486","PA","NM",2586
"2487","SC","NM",2319
"2488","SD","NM",1221
"2489","TX","NM",711
"2490","UT","NM",736
"2491","VA","NM",2471
"2492","WY","NM",960
"2493","PR","NM",4309
"2494","OR","NM",1631
"2495","WV","NM",2323
"2496","AL","NM",1796
"2497","AK","NM",4570
"2498","CO","NM",510
"2499","DE","NM",2768
"2500","DC","NM",2636
"2501","HI","NM",5116
"2502","IN","NM",1859
"2503","KY","NM",1905
"2504","ME","NM",3345
"2505","MA","NM",3098
"2506","MI","NM",2108
"2507","MT","NM",1432
"2508","NH","NM",3134
"2509","NM","NM",0
"2510","NC","NM",2438
"2511","OK","NM",795
"2512","VI","NM",4491
"2513","RI","NM",3112
"2514","TN","NM",1805
"2515","VT","NM",3054
"2516","WA","NM",1872
"2517","WI","NM",1783
"2518","AS","NM",8695
"2519","GU","NM",10862
"2520","MP","NM",10659
"2521","AZ","NC",2942
"2522","AR","NC",1192
"2523","CA","NC",3588
"2524","CT","NC",888
"2525","FL","NC",820
"2526","GA","NC",495
"2527","ID","NC",3144
"2528","IL","NC",1000
"2529","IA","NC",1423
"2530","KS","NC",1720
"2531","LA","NC",1275
"2532","MD","NC",451
"2533","MN","NC",1731
"2534","MS","NC",999
"2535","MO","NC",1208
"2536","NE","NC",1897
"2537","NV","NC",3303
"2538","NJ","NC",661
"2539","NY","NC",887
"2540","ND","NC",2191
"2541","OH","NC",607
"2542","PA","NC",608
"2543","SC","NC",229
"2544","SD","NC",2029
"2545","TX","NC",1907
"2546","UT","NC",2875
"2547","VA","NC",223
"2548","WY","NC",2555
"2549","PR","NC",2302
"2550","OR","NC",3611
"2551","WV","NC",362
"2552","AL","NC",752
"2553","AK","NC",5717
"2554","CO","NC",2346
"2555","DE","NC",514
"2556","DC","NC",428
"2557","HI","NC",7547
"2558","IN","NC",778
"2559","KY","NC",574
"2560","ME","NC",1387
"2561","MA","NC",992
"2562","MI","NC",991
"2563","MT","NC",2815
"2564","NH","NC",1124
"2565","NM","NC",2438
"2566","NC","NC",0
"2567","OK","NC",1643
"2568","VI","NC",2444
"2569","RI","NC",961
"2570","TN","NC",632
"2571","VT","NC",1107
"2572","WA","NC",3624
"2573","WI","NC",1356
"2574","AS","NC",11043
"2575","GU","NC",12876
"2576","MP","NC",12659
"2577","AZ","OK",1300
"2578","AR","OK",468
"2579","CA","OK",1986
"2580","CT","OK",2251
"2581","FL","OK",1609
"2582","GA","OK",1336
"2583","ID","OK",1756
"2584","IL","OK",884
"2585","IA","OK",800
"2586","KS","OK",331
"2587","LA","OK",719
"2588","MD","OK",1874
"2589","MN","OK",1222
"2590","MS","OK",788
"2591","MO","OK",544
"2592","NE","OK",690
"2593","NV","OK",1741
"2594","NJ","OK",2067
"2595","NY","OK",2059
"2596","ND","OK",1340
"2597","OH","OK",1393
"2598","PA","OK",1818
"2599","SC","OK",1531
"2600","SD","OK",1010
"2601","TX","OK",486
"2602","UT","OK",1319
"2603","VA","OK",1679
"2604","WY","OK",1194
"2605","PR","OK",3609
"2606","OR","OK",2172
"2607","WV","OK",1537
"2608","AL","OK",1032
"2609","AK","OK",4848
"2610","CO","OK",807
"2611","DE","OK",1983
"2612","DC","OK",1851
"2613","HI","OK",5907
"2614","IN","OK",1099
"2615","KY","OK",1114
"2616","ME","OK",2615
"2617","MA","OK",2337
"2618","MI","OK",1410
"2619","MT","OK",1624
"2620","NH","OK",2388
"2621","NM","OK",795
"2622","NC","OK",1643
"2623","OK","OK",0
"2624","VI","OK",3785
"2625","RI","OK",2346
"2626","TN","OK",1010
"2627","VT","OK",2315
"2628","WA","OK",2306
"2629","WI","OK",1190
"2630","AS","OK",9465
"2631","GU","OK",11519
"2632","MP","OK",11311
"2633","AZ","VI",4989
"2634","AR","VI",3335
"2635","CA","VI",5746
"2636","CT","VI",2755
"2637","FL","VI",2177
"2638","GA","VI",2497
"2639","ID","VI",5490
"2640","IL","VI",3413
"2641","IA","VI",3835
"2642","KS","VI",3988
"2643","LA","VI",3117
"2644","MD","VI",2632
"2645","MN","VI",4175
"2646","MS","VI",2997
"2647","MO","VI",3531
"2648","NE","VI",4249
"2649","NV","VI",5524
"2650","NJ","VI",2665
"2651","NY","VI",2974
"2652","ND","VI",4628
"2653","OH","VI",3042
"2654","PA","VI",2853
"2655","SC","VI",2407
"2656","SD","VI",4436
"2657","TX","VI",3798
"2658","UT","VI",5104
"2659","VA","VI",2590
"2660","WY","VI",4898
"2661","PR","VI",189
"2662","OR","VI",5937
"2663","WV","VI",2782
"2664","AL","VI",2768
"2665","AK","VI",8142
"2666","CO","VI",4586
"2667","DE","VI",2576
"2668","DC","VI",2630
"2669","HI","VI",9445
"2670","IN","VI",3214
"2671","KY","VI",2972
"2672","ME","VI",3092
"2673","MA","VI",2802
"2674","MI","VI",3412
"2675","MT","VI",5220
"2676","NH","VI",2948
"2677","NM","VI",4491
"2678","NC","VI",2444
"2679","OK","VI",3785
"2680","VI","VI",0
"2681","RI","VI",2735
"2682","TN","VI",2924
"2683","VT","VI",3013
"2684","WA","VI",6008
"2685","WI","VI",3800
"2686","AS","VI",12150
"2687","GU","VI",15284
"2688","MP","VI",15072
"2689","AZ","RI",3581
"2690","AR","RI",1967
"2691","CA","RI",4108
"2692","CT","RI",95
"2693","FL","RI",1753
"2694","GA","RI",1452
"2695","ID","RI",3482
"2696","IL","RI",1493
"2697","IA","RI",1814
"2698","KS","RI",2303
"2699","LA","RI",2169
"2700","MD","RI",530
"2701","MN","RI",1886
"2702","MS","RI",1881
"2703","MO","RI",1816
"2704","NE","RI",2342
"2705","NV","RI",3784
"2706","NJ","RI",308
"2707","NY","RI",351
"2708","ND","RI",2366
"2709","OH","RI",955
"2710","PA","RI",528
"2711","SC","RI",1190
"2712","SD","RI",2341
"2713","TX","RI",2715
"2714","UT","RI",3377
"2715","VA","RI",779
"2716","WY","RI",2944
"2717","PR","RI",2647
"2718","OR","RI",3953
"2719","WV","RI",840
"2720","AL","RI",1671
"2721","AK","RI",5514
"2722","CO","RI",2882
"2723","DE","RI",448
"2724","DC","RI",556
"2725","HI","RI",8095
"2726","IN","RI",1254
"2727","KY","RI",1262
"2728","ME","RI",450
"2729","MA","RI",67
"2730","MI","RI",1087
"2731","MT","RI",3060
"2732","NH","RI",221
"2733","NM","RI",3112
"2734","NC","RI",961
"2735","OK","RI",2346
"2736","VI","RI",2735
"2737","RI","RI",0
"2738","TN","RI",1435
"2739","VT","RI",279
"2740","WA","RI",3868
"2741","WI","RI",1530
"2742","AS","RI",11807
"2743","GU","RI",12857
"2744","MP","RI",12637
"2745","AZ","TN",2310
"2746","AR","TN",564
"2747","CA","TN",2967
"2748","CT","TN",1344
"2749","FL","TN",876
"2750","GA","TN",444
"2751","ID","TN",2578
"2752","IL","TN",531
"2753","IA","TN",928
"2754","KS","TN",1108
"2755","LA","TN",746
"2756","MD","TN",918
"2757","MN","TN",1340
"2758","MS","TN",459
"2759","MO","TN",613
"2760","NE","TN",1329
"2761","NV","TN",2692
"2762","NJ","TN",1132
"2763","NY","TN",1220
"2764","ND","TN",1740
"2765","OH","TN",584
"2766","PA","TN",932
"2767","SC","TN",542
"2768","SD","TN",1517
"2769","TX","TN",1298
"2770","UT","TN",2263
"2771","VA","TN",692
"2772","WY","TN",1984
"2773","PR","TN",2763
"2774","OR","TN",3036
"2775","WV","TN",596
"2776","AL","TN",342
"2777","AK","TN",5354
"2778","CO","TN",1732
"2779","DE","TN",1021
"2780","DC","TN",893
"2781","HI","TN",6916
"2782","IN","TN",451
"2783","KY","TN",209
"2784","ME","TN",1787
"2785","MA","TN",1442
"2786","MI","TN",861
"2787","MT","TN",2296
"2788","NH","TN",1532
"2789","NM","TN",1805
"2790","NC","TN",632
"2791","OK","TN",1010
"2792","VI","TN",2924
"2793","RI","TN",1435
"2794","TN","TN",0
"2795","VT","TN",1481
"2796","WA","TN",3085
"2797","WI","TN",1025
"2798","AS","TN",10435
"2799","GU","TN",12362
"2800","MP","TN",12148
"2801","AZ","VT",3503
"2802","AR","VT",1975
"2803","CA","VT",3986
"2804","CT","VT",273
"2805","FL","VT",1923
"2806","GA","VT",1577
"2807","ID","VT",3318
"2808","IL","VT",1436
"2809","IA","VT",1707
"2810","KS","VT",2232
"2811","LA","VT",2226
"2812","MD","VT",656
"2813","MN","VT",1714
"2814","MS","VT",1939
"2815","MO","VT",1773
"2816","NE","VT",2229
"2817","NV","VT",3654
"2818","NJ","VT",463
"2819","NY","VT",262
"2820","ND","VT",2183
"2821","OH","VT",935
"2822","PA","VT",552
"2823","SC","VT",1334
"2824","SD","VT",2191
"2825","TX","VT",2717
"2826","UT","VT",3259
"2827","VA","VT",897
"2828","WY","VT",2801
"2829","PR","VT",2924
"2830","OR","VT",3785
"2831","WV","VT",897
"2832","AL","VT",1755
"2833","AK","VT",5246
"2834","CO","VT",2782
"2835","DE","VT",612
"2836","DC","VT",679
"2837","HI","VT",7961
"2838","IN","VT",1217
"2839","KY","VT",1288
"2840","ME","VT",308
"2841","MA","VT",212
"2842","MI","VT",964
"2843","MT","VT",2879
"2844","NH","VT",97
"2845","NM","VT",3054
"2846","NC","VT",1107
"2847","OK","VT",2315
"2848","VI","VT",3013
"2849","RI","VT",279
"2850","TN","VT",1481
"2851","VT","VT",0
"2852","WA","VT",3678
"2853","WI","VT",1382
"2854","AS","VT",11741
"2855","GU","VT",12598
"2856","MP","VT",12378
"2857","AZ","WA",1628
"2858","AR","WA",2706
"2859","CA","WA",1126
"2860","CT","WA",3787
"2861","FL","WA",3870
"2862","GA","WA",3511
"2863","ID","WA",557
"2864","IL","WA",2624
"2865","IA","WA",2201
"2866","KS","WA",2043
"2867","LA","WA",3025
"2868","MD","WA",3616
"2869","MN","WA",1987
"2870","MS","WA",3056
"2871","MO","WA",2476
"2872","NE","WA",1759
"2873","NV","WA",942
"2874","NJ","WA",3714
"2875","NY","WA",3517
"2876","ND","WA",1503
"2877","OH","WA",3095
"2878","PA","WA",3443
"2879","SC","WA",3614
"2880","SD","WA",1596
"2881","TX","WA",2516
"2882","UT","WA",1140
"2883","VA","WA",3542
"2884","WY","WA",1121
"2885","PR","WA",5843
"2886","OR","WA",382
"2887","WV","WA",3347
"2888","AL","WA",3256
"2889","AK","WA",2720
"2890","CO","WA",1522
"2891","DE","WA",3714
"2892","DC","WA",3605
"2893","HI","WA",4419
"2894","IN","WA",2852
"2895","KY","WA",3060
"2896","ME","WA",3875
"2897","MA","WA",3823
"2898","MI","WA",2810
"2899","MT","WA",818
"2900","NH","WA",3775
"2901","NM","WA",1872
"2902","NC","WA",3624
"2903","OK","WA",2306
"2904","VI","WA",6008
"2905","RI","WA",3868
"2906","TN","WA",3085
"2907","VT","WA",3678
"2908","WA","WA",0
"2909","WI","WA",2361
"2910","AS","WA",8461
"2911","GU","WA",9277
"2912","MP","WA",9064
"2913","AZ","WI",2178
"2914","AR","WI",1100
"2915","CA","WI",2607
"2916","CT","WI",1443
"2917","FL","WI",1895
"2918","GA","WI",1447
"2919","ID","WI",1952
"2920","IL","WI",512
"2921","IA","WI",401
"2922","KS","WI",976
"2923","LA","WI",1517
"2924","MD","WI",1261
"2925","MN","WI",384
"2926","MS","WI",1320
"2927","MO","WI",726
"2928","NE","WI",869
"2929","NV","WI",2273
"2930","NJ","WI",1354
"2931","NY","WI",1181
"2932","ND","WI",867
"2933","OH","WI",765
"2934","PA","WI",1082
"2935","SC","WI",1425
"2936","SD","WI",812
"2937","TX","WI",1671
"2938","UT","WI",1883
"2939","VA","WI",1223
"2940","WY","WI",1420
"2941","PR","WI",3657
"2942","OR","WI",2425
"2943","WV","WI",1026
"2944","AL","WI",1343
"2945","AK","WI",4373
"2946","CO","WI",1431
"2947","DE","WI",1356
"2948","DC","WI",1252
"2949","HI","WI",6579
"2950","IN","WI",609
"2951","KY","WI",883
"2952","ME","WI",1636
"2953","MA","WI",1492
"2954","MI","WI",450
"2955","MT","WI",1544
"2956","NH","WI",1475
"2957","NM","WI",1783
"2958","NC","WI",1356
"2959","OK","WI",1190
"2960","VI","WI",3800
"2961","RI","WI",1530
"2962","TN","WI",1025
"2963","VT","WI",1382
"2964","WA","WI",2361
"2965","WI","WI",0
"2966","AS","WI",10395
"2967","GU","WI",11539
"2968","MP","WI",11321
"2969","AZ","AS",8238
"2970","AR","AS",9874
"2971","CA","AS",7818
"2972","CT","AS",11712
"2973","FL","AS",10593
"2974","GA","AS",10608
"2975","ID","AS",8619
"2976","IL","AS",10317
"2977","IA","AS",10040
"2978","KS","AS",9511
"2979","LA","AS",9783
"2980","MD","AS",11336
"2981","MN","AS",10133
"2982","MS","AS",10047
"2983","MO","AS",9991
"2984","NE","AS",9528
"2985","NV","AS",8164
"2986","NJ","AS",11532
"2987","NY","AS",11500
"2988","ND","AS",9743
"2989","OH","AS",10852
"2990","PA","AS",11280
"2991","SC","AS",10870
"2992","SD","AS",9625
"2993","TX","AS",9139
"2994","UT","AS",8522
"2995","VA","AS",11126
"2996","WY","AS",9026
"2997","PR","AS",11980
"2998","OR","AS",8211
"2999","WV","AS",10999
"3000","AL","AS",10304
"3001","AK","AS",8870
"3002","CO","AS",8968
"3003","DE","AS",11444
"3004","DC","AS",11312
"3005","HI","AS",4102
"3006","IN","AS",10553
"3007","KY","AS",10572
"3008","ME","AS",12022
"3009","MA","AS",11793
"3010","MI","AS",10781
"3011","MT","AS",9106
"3012","NH","AS",11825
"3013","NM","AS",8695
"3014","NC","AS",11043
"3015","OK","AS",9465
"3016","VI","AS",12150
"3017","RI","AS",11807
"3018","TN","AS",10435
"3019","VT","AS",11741
"3020","WA","AS",8461
"3021","WI","AS",10395
"3022","AS","AS",0
"3023","GU","AS",5787
"3024","MP","AS",5797
"3025","AZ","GU",10388
"3026","AR","GU",11958
"3027","CA","GU",9606
"3028","CT","GU",12802
"3029","FL","GU",13124
"3030","GA","GU",12787
"3031","ID","GU",9796
"3032","IL","GU",11886
"3033","IA","GU",11461
"3034","KS","GU",11300
"3035","LA","GU",12213
"3036","MD","GU",12779
"3037","MN","GU",11156
"3038","MS","GU",12302
"3039","MO","GU",11753
"3040","NE","GU",11035
"3041","NV","GU",9795
"3042","NJ","GU",12813
"3043","NY","GU",12540
"3044","ND","GU",10686
"3045","OH","GU",12303
"3046","PA","GU",12572
"3047","SC","GU",12887
"3048","SD","GU",10857
"3049","TX","GU",11571
"3050","UT","GU",10205
"3051","VA","GU",12762
"3052","WY","GU",10387
"3053","PR","GU",15117
"3054","OR","GU",9353
"3055","WV","GU",12565
"3056","AL","GU",12521
"3057","AK","GU",7366
"3058","CO","GU",10713
"3059","DE","GU",12859
"3060","DC","GU",12774
"3061","HI","GU",6380
"3062","IN","GU",12098
"3063","KY","GU",12326
"3064","ME","GU",12653
"3065","MA","GU",12795
"3066","MI","GU",11960
"3067","MT","GU",10071
"3068","NH","GU",12687
"3069","NM","GU",10862
"3070","NC","GU",12876
"3071","OK","GU",11519
"3072","VI","GU",15284
"3073","RI","GU",12857
"3074","TN","GU",12362
"3075","VT","GU",12598
"3076","WA","GU",9277
"3077","WI","GU",11539
"3078","AS","GU",5787
"3079","GU","GU",0
"3080","MP","GU",220
"3081","AZ","MP",10188
"3082","AR","MP",11748
"3083","CA","MP",9405
"3084","CT","MP",12582
"3085","FL","MP",12915
"3086","GA","MP",12575
"3087","ID","MP",9584
"3088","IL","MP",11670
"3089","IA","MP",11246
"3090","KS","MP",11089
"3091","LA","MP",12007
"3092","MD","MP",12560
"3093","MN","MP",10938
"3094","MS","MP",12093
"3095","MO","MP",11540
"3096","NE","MP",10822
"3097","NV","MP",9590
"3098","NJ","MP",12593
"3099","NY","MP",12320
"3100","ND","MP",10469
"3101","OH","MP",12086
"3102","PA","MP",12353
"3103","SC","MP",12672
"3104","SD","MP",10642
"3105","TX","MP",11369
"3106","UT","MP",9999
"3107","VA","MP",12544
"3108","WY","MP",10175
"3109","PR","MP",14905
"3110","OR","MP",9144
"3111","WV","MP",12347
"3112","AL","MP",12310
"3113","AK","MP",7146
"3114","CO","MP",10504
"3115","DE","MP",12640
"3116","DC","MP",12555
"3117","HI","MP",6231
"3118","IN","MP",11881
"3119","KY","MP",12111
"3120","ME","MP",12433
"3121","MA","MP",12575
"3122","MI","MP",11741
"3123","MT","MP",9856
"3124","NH","MP",12466
"3125","NM","MP",10659
"3126","NC","MP",12659
"3127","OK","MP",11311
"3128","VI","MP",15072
"3129","RI","MP",12637
"3130","TN","MP",12148
"3131","VT","MP",12378
"3132","WA","MP",9064
"3133","WI","MP",11321
"3134","AS","MP",5797
"3135","GU","MP",220
"3136","MP","MP",0
